SUPPLEMENTAL TABLE 1.,,,,,,,,,,,,,,,,,,,,,,,,,,,,,,,,,,,,,,,,,,,,,,,,,,,,,,,
PERSONS NATURALIZED BY COUNTRY OF BIRTH AND STATE OF INTENDED RESIDENCE: FISCAL YEAR 2004,,,,,,,,,,,,,,,,,,,,,,,,,,,,,,,,,,,,,,,,,,,,,,,,,,,,,,,
,,,,,,,,,,,,,,,,,,,,,,,,,,,,,,,,,,,,,,,,,,,,,,,,,,,,,,,
Country of Birth,Total,Alabama,Alaska,Arizona,Arkansas,California,Colorado,Connecticut,Delaware,District of Columbia,Florida,Georgia,Hawaii,Idaho,Illinois,Indiana,Iowa,Kansas,Kentucky,Louisiana,Maine,Maryland,Massachusetts,Michigan,Minnesota,Mississippi,Missouri,Montana,Nebraska,Nevada,New Hampshire,New Jersey,New Mexico,New York,North Carolina,North Dakota,Ohio,Oklahoma,Oregon,Pennsylvania,Rhode Island,South Carolina,South Dakota,Tennessee,Texas,U.S. Armed Services Posts,U.S. Possessions,Utah,Vermont,Virginia,Washington,West Virginia,Wisconsin,Wyoming,Unknown
     Total,"537,151",734,777,"6,500",823,"145,594","6,007","5,957",982,882,"43,795","6,880","2,050",864,"29,432","2,455","1,314","2,093","1,307","1,458",548,"12,295","16,263","14,615","7,713",557,"3,999",285,"1,537","4,622",958,"30,291","1,449","66,234","5,084",267,"8,590","1,765","3,612","10,205","2,185","1,748",257,"2,613","35,417",2,"1,849","3,110",419,"13,478","12,668",237,"3,570",146,"8,659"
Europe,"89,014",97,111,"1,206",84,"14,468","1,521","1,711",148,126,"4,863",910,99,294,"10,274",525,367,173,406,139,161,"1,519","4,008","4,110","1,125",50,"1,256",88,245,655,325,"5,152",183,"13,753",642,87,"2,623",175,897,"2,771",468,353,97,362,"2,527",D,63,823,213,"1,446","3,103",48,793,D,"1,329"
Albania,"3,324",-,-,10,-,33,D,176,D,5,209,D,-,3,280,11,-,3,-,-,6,53,449,661,3,-,62,-,5,14,17,177,D,523,11,-,176,D,D,243,D,13,-,D,51,-,-,D,5,23,19,-,51,-,19
Armenia,"1,793",-,D,5,-,"1,537",4,9,-,D,9,D,-,-,7,3,-,-,D,D,-,4,25,12,5,-,5,-,-,19,D,13,D,48,D,-,4,D,6,11,16,D,-,3,5,-,-,11,-,6,12,-,-,-,2
Austria,277,D,-,7,D,53,7,4,-,D,26,D,D,D,18,-,D,-,-,-,-,12,6,16,4,D,3,D,-,4,3,10,D,38,4,-,6,-,D,4,-,D,-,D,12,-,-,D,D,8,7,-,-,D,5
Azerbaijan,793,-,D,D,-,209,9,10,-,D,13,3,D,D,13,D,D,3,11,-,3,12,33,42,6,-,12,-,D,D,-,13,D,227,D,D,20,D,D,21,D,-,D,4,10,-,-,14,3,8,56,D,5,-,8
Belarus,"1,464",-,D,4,D,194,81,25,D,D,28,13,-,D,79,8,D,-,7,-,-,30,43,38,48,-,35,3,5,D,D,62,D,438,10,-,69,-,15,55,10,3,-,-,22,-,-,4,D,15,70,-,24,-,13
Belgium,232,3,-,4,D,48,10,6,D,3,20,5,-,-,9,D,D,-,D,-,D,4,10,9,-,-,D,D,-,3,D,7,D,26,D,-,4,D,5,6,-,D,-,-,16,-,D,D,-,6,D,-,D,-,5
Bosnia-Herzegovina,"8,013",5,6,291,D,561,122,68,3,5,481,158,-,160,990,118,257,16,177,15,16,32,188,503,181,-,535,-,106,97,51,78,4,551,75,54,170,9,88,212,6,8,33,45,304,-,D,379,85,127,278,4,76,D,281
Bulgaria,"2,487",-,-,52,D,379,41,23,10,6,136,73,D,4,599,24,-,15,7,4,6,49,89,91,33,-,53,D,D,65,6,61,3,207,10,-,40,7,10,56,D,17,-,5,85,-,-,15,D,71,98,D,8,4,15
Croatia,"1,084",D,-,27,-,110,24,11,D,D,66,19,D,10,140,19,7,-,11,D,D,10,33,46,19,-,31,D,4,26,4,41,D,104,10,D,70,3,D,27,D,D,10,11,42,-,-,31,6,13,28,-,32,-,20
Czech Republic,69,-,D,4,-,14,3,-,D,D,9,D,-,-,4,D,-,-,-,-,-,3,-,D,D,D,D,D,-,-,-,D,-,D,D,-,D,D,-,D,-,-,-,-,D,-,-,D,-,-,D,-,D,-,1
"Czechoslovakia, former",434,3,3,6,-,91,9,5,-,D,38,13,D,-,41,D,-,-,-,3,-,7,10,6,3,-,4,D,-,5,D,25,-,39,9,D,13,3,9,13,D,6,-,D,15,-,-,5,D,12,14,-,D,-,9
Denmark,175,-,-,3,-,59,8,-,D,D,9,-,D,-,7,-,-,D,-,-,-,7,D,7,D,-,3,-,-,3,-,7,D,7,D,D,5,-,5,4,D,3,D,3,11,-,-,D,-,D,3,-,D,-,2
Estonia,126,-,-,3,-,16,4,-,-,-,5,D,-,-,5,D,-,-,-,-,D,5,D,3,-,-,-,D,-,-,-,11,-,15,D,-,8,D,7,4,D,-,-,D,D,-,-,D,-,D,19,-,-,-,2
Finland,352,-,4,D,-,86,8,6,3,-,33,7,-,-,15,-,D,-,D,-,5,7,16,8,12,-,D,6,-,3,D,9,4,27,D,-,5,-,7,11,D,-,-,-,15,-,D,7,-,6,20,D,9,-,2
France,"1,802",3,-,21,D,492,32,28,6,13,149,20,5,4,55,9,-,3,3,8,4,54,66,40,21,D,13,-,D,15,11,76,8,230,18,-,24,3,15,41,8,13,D,9,89,-,5,23,5,55,60,-,9,-,29
Georgia,382,-,-,3,D,119,8,3,-,D,6,8,-,-,4,D,4,3,-,-,-,12,5,4,4,-,3,-,-,4,D,31,-,99,-,-,7,-,4,15,3,-,-,D,4,-,-,-,D,4,13,-,D,-,3
Germany,"3,836",24,7,92,13,722,114,65,9,9,403,50,11,12,150,32,9,24,24,18,14,72,77,131,43,10,53,14,6,37,22,140,27,298,63,3,101,27,33,114,13,52,9,29,246,D,D,35,8,136,99,6,46,5,76
Gibraltar,D,-,-,-,-,D,-,-,-,-,-,-,-,-,-,-,-,-,-,-,-,D,-,-,-,-,-,-,-,-,-,D,-,-,-,-,-,-,-,-,-,-,-,-,-,-,-,-,-,-,-,-,-,-,-
Greece,"1,100",-,D,5,D,174,10,30,7,3,55,4,-,-,98,6,D,-,3,D,D,23,94,37,D,D,9,D,-,11,12,71,-,235,9,-,26,D,3,41,4,7,-,4,36,-,-,D,-,32,9,-,5,-,23
Hungary,738,D,D,18,D,181,11,25,-,3,102,4,D,D,27,6,D,-,D,-,D,14,19,20,6,-,6,-,D,15,D,37,D,80,5,-,30,D,4,16,-,4,-,6,21,-,-,D,D,19,14,-,13,-,12
Iceland,79,-,-,D,-,12,4,D,-,-,8,D,-,-,D,D,-,-,-,-,-,4,D,9,D,D,D,-,-,-,-,-,-,7,D,-,-,-,D,-,-,-,D,-,3,-,-,-,-,8,3,-,D,-,1
Ireland,"2,421",D,4,20,7,430,22,50,-,5,109,16,6,-,141,7,D,4,5,3,5,26,310,25,14,3,7,D,6,11,16,145,5,669,19,D,20,3,13,65,12,19,D,11,55,-,D,8,4,46,42,-,12,D,11
Italy,"2,295",D,D,25,D,354,25,65,8,D,196,7,D,D,104,7,D,3,5,5,-,41,104,89,14,-,6,D,5,20,4,207,3,578,14,-,51,D,11,89,13,6,-,7,56,-,6,13,D,41,29,4,18,-,47
Kazakhstan,572,-,D,D,-,105,20,10,-,-,10,4,D,-,17,-,D,D,D,-,3,15,25,11,13,-,12,D,D,4,D,11,D,133,D,-,16,D,13,29,D,-,D,D,11,-,-,D,D,15,60,-,7,-,4
Kyrgyzstan,159,-,-,D,-,18,4,-,-,D,D,-,-,-,4,-,-,-,-,-,D,3,4,5,5,D,4,-,D,-,D,9,-,20,-,D,4,-,10,7,-,D,-,-,D,-,-,D,-,5,39,-,D,D,2
Latvia,335,-,-,D,-,49,8,6,D,D,17,5,-,D,21,D,D,D,-,D,D,8,7,25,9,-,D,D,3,D,D,24,3,64,3,-,14,-,8,7,D,D,-,-,4,-,D,-,-,7,11,-,7,D,4
Lithuania,738,-,3,D,-,62,13,11,3,-,30,11,-,-,347,4,-,D,-,D,3,8,16,22,9,-,8,D,-,4,-,29,D,43,D,-,16,-,4,16,-,D,-,5,7,-,-,5,D,11,16,D,6,D,11
Luxembourg,9,-,-,-,-,D,-,-,-,-,-,-,-,-,-,-,-,-,-,-,-,-,-,-,D,-,-,-,-,-,-,-,-,D,-,-,D,-,-,-,-,-,-,D,-,-,-,-,-,-,-,D,-,D,-
Macedonia,601,-,7,7,-,31,D,23,-,-,21,D,-,D,87,14,6,-,D,-,D,D,5,104,4,-,4,-,-,3,-,100,-,79,-,D,22,D,-,11,-,D,-,-,9,-,-,D,-,8,D,D,28,-,11
Malta,80,-,-,D,-,17,-,-,-,-,5,-,-,-,D,-,-,-,-,-,-,D,D,8,-,-,-,-,-,-,-,D,-,36,-,-,-,D,-,-,-,-,-,-,D,-,-,-,-,-,D,-,-,-,1
Moldova,711,-,D,-,-,135,10,7,-,D,19,14,-,D,13,D,D,-,3,-,D,10,17,13,18,-,4,-,D,3,-,26,D,174,12,-,15,D,15,35,-,-,-,-,11,-,-,3,D,22,113,-,D,-,5
Monaco,D,-,-,-,-,-,-,-,-,-,-,-,-,-,-,-,-,-,-,-,-,-,-,-,-,-,-,-,-,-,-,-,-,D,-,-,-,-,-,-,-,-,-,-,-,-,-,-,-,-,-,-,-,-,-
Netherlands,722,-,D,14,-,188,15,16,D,-,73,7,4,D,17,4,-,D,3,3,5,21,24,28,11,D,7,4,D,5,9,30,6,49,6,-,17,4,16,18,3,8,D,4,37,-,3,5,D,13,17,D,9,3,2
Norway,137,-,D,4,-,23,3,8,-,D,9,-,D,-,4,D,-,-,-,-,-,3,4,D,4,-,D,D,-,D,-,9,-,14,D,-,D,D,D,3,D,-,-,-,9,-,-,D,-,D,14,-,3,-,2
Poland,"10,335",3,3,37,7,370,96,395,18,3,264,28,7,5,"4,409",47,7,D,9,5,15,58,249,355,29,3,35,4,7,31,11,"1,193",10,"1,646",31,-,149,7,23,213,34,23,-,39,114,-,D,13,6,43,67,3,80,-,128
Portugal,"2,173",D,-,6,-,273,-,101,D,3,47,4,3,D,D,D,-,-,-,-,D,27,637,5,3,-,D,-,D,6,17,538,-,135,10,-,-,D,3,47,227,-,-,D,10,-,D,6,D,19,3,-,D,-,27
Romania,"4,388",6,4,102,5,735,35,67,D,4,203,92,7,16,571,22,4,3,5,8,7,47,57,580,28,D,33,D,6,47,17,129,8,427,25,D,381,7,131,106,6,13,D,17,140,-,3,8,6,52,159,D,24,-,28
Russia,"7,586",10,34,61,D,"1,490",259,88,19,10,246,57,9,8,226,32,10,19,25,14,11,218,326,165,163,D,81,12,14,48,13,420,17,"1,574",47,3,268,22,107,286,17,22,4,38,185,-,3,48,13,132,526,9,54,7,113
San Marino,3,-,-,-,-,-,-,-,-,-,-,-,-,-,-,-,-,-,-,-,-,-,-,D,-,-,-,-,-,-,-,-,-,D,-,-,-,-,-,-,-,-,-,-,-,-,-,-,-,-,-,-,-,-,1
Serbia and Montenegro,"3,159",D,3,96,4,303,33,35,3,6,218,26,3,19,385,22,22,5,28,4,3,31,60,278,37,D,51,D,14,25,21,123,5,653,19,5,109,D,18,110,-,3,5,4,109,-,-,35,8,52,36,D,68,-,55
Slovak Republic,318,-,-,4,D,27,4,9,-,D,30,4,-,-,45,D,-,D,-,-,D,9,4,13,D,D,D,-,-,D,D,75,-,42,D,-,10,D,-,6,-,-,-,-,7,-,-,D,D,4,4,D,D,-,3
Slovenia,60,-,-,D,-,6,D,-,-,-,-,D,-,-,5,-,D,-,D,-,-,-,D,-,-,-,D,-,-,-,D,6,-,9,D,D,9,-,D,D,-,-,-,D,D,-,-,D,D,-,D,-,D,-,1
"Soviet Union, former","3,772",D,3,24,D,635,37,38,D,D,130,25,-,4,590,13,6,8,13,3,7,124,361,163,100,-,13,D,10,7,11,260,6,474,25,D,117,D,47,76,11,17,5,11,76,-,-,19,6,53,138,D,23,-,72
Spain,"1,120",-,-,12,D,193,12,13,3,6,215,8,D,4,38,5,-,-,-,3,D,35,23,25,16,D,8,D,D,18,4,140,5,100,5,-,8,3,5,12,3,5,-,6,52,-,26,8,4,34,18,D,8,-,28
Sweden,"1,016",5,D,12,-,279,34,28,-,4,99,8,D,D,48,5,D,3,3,D,D,22,34,15,23,-,D,D,D,D,4,35,4,84,18,-,18,3,13,17,3,5,-,4,50,-,-,9,6,27,51,D,6,D,16
Switzerland,487,-,D,13,-,133,17,4,-,4,49,4,D,D,12,D,D,D,D,3,D,10,14,11,4,-,5,D,-,9,D,13,D,62,5,D,8,D,9,6,-,4,-,4,23,-,-,5,D,12,14,-,3,D,4
Tajikistan,117,-,-,D,-,10,3,D,-,-,3,-,-,-,-,-,-,-,D,-,-,D,D,D,D,-,D,-,6,-,-,-,-,71,-,-,3,-,4,D,-,-,-,-,-,-,-,-,-,D,3,-,-,-,-
Turkmenistan,58,-,-,-,-,5,-,D,-,-,D,-,-,-,D,-,-,-,-,-,-,-,-,3,D,-,D,-,-,-,-,D,-,19,-,-,D,-,-,D,-,-,-,-,3,-,-,D,-,D,5,-,11,-,-
Ukraine,"8,069",8,3,32,7,"1,465",154,86,11,D,203,65,5,18,415,37,10,12,12,D,9,183,223,190,132,D,58,5,8,17,10,409,4,"2,135",34,D,347,12,144,483,31,8,15,21,86,-,3,26,D,71,692,4,71,D,87
United Kingdom,"7,785",16,11,153,19,"1,889",172,152,30,10,830,130,22,9,214,52,7,37,37,30,20,171,321,270,85,16,69,12,22,64,46,311,44,600,124,8,176,29,74,208,28,84,4,59,451,-,5,62,25,209,177,3,54,8,126
Uzbekistan,"1,224",-,-,15,D,150,31,D,-,D,28,8,-,D,13,-,-,D,D,-,-,30,12,18,5,-,8,D,3,D,-,35,-,658,D,-,61,3,8,21,D,-,-,D,26,-,-,4,-,13,39,-,9,-,12
Asia,"218,974",406,419,"1,821",375,"79,654","1,915","1,723",404,214,"5,559","3,055","1,534",182,"10,255","1,046",437,"1,034",475,720,156,"4,801","5,482","8,084","3,372",319,"1,601",78,484,"1,923",327,"11,562",370,"19,729","2,197",83,"3,729",856,"1,679","4,662",453,765,73,"1,371","13,578",-,975,842,109,"6,752","6,357",124,"1,901",40,"2,912"
Afghanistan,"1,323",D,-,7,-,665,26,D,3,D,7,10,-,-,5,3,-,5,-,D,3,15,9,8,7,-,10,-,13,13,-,40,4,146,7,-,7,-,4,18,-,-,D,D,31,-,-,D,-,219,10,-,3,-,13
Bahrain,54,-,-,D,-,8,-,-,D,-,D,D,-,-,4,-,-,-,-,-,-,D,D,D,D,-,-,-,-,D,-,6,-,3,-,-,D,D,-,D,-,-,D,-,10,-,-,-,-,4,D,-,-,-,-
Bangladesh,"5,148",D,4,27,4,453,22,93,14,17,176,154,-,D,63,14,3,24,9,8,D,130,95,533,37,9,21,-,D,33,-,274,D,"1,995",28,-,57,28,7,134,6,7,-,13,304,-,-,-,D,251,15,D,3,-,73
Bhutan,D,-,-,-,-,-,-,-,-,-,-,-,-,-,-,-,-,-,-,-,-,-,-,-,D,-,-,-,-,-,-,-,D,-,-,-,-,-,-,-,-,-,-,-,-,-,-,-,-,-,-,-,-,-,-
Brunei,10,-,-,D,-,D,-,-,-,-,-,-,-,-,D,-,-,-,-,-,-,-,-,-,-,-,-,-,-,-,-,-,-,D,-,-,-,-,-,D,-,-,-,-,D,-,-,-,-,-,-,-,-,-,-
Burma,"1,177",-,D,8,D,641,12,4,-,4,23,11,D,D,37,46,-,D,D,-,-,46,16,14,9,D,5,-,-,3,-,26,-,134,7,-,8,6,3,11,D,3,-,D,29,-,D,D,D,33,15,D,D,-,5
Cambodia,"3,975",8,3,19,D,"1,401",36,52,D,-,67,51,5,5,65,11,8,21,10,4,32,25,509,37,226,D,17,-,4,17,8,10,D,77,37,D,85,7,42,175,78,7,D,19,200,-,D,48,D,97,382,D,12,D,47
"China, People's Republic","27,309",32,14,138,29,"11,094",183,227,79,25,361,165,132,19,909,136,36,74,34,61,19,517,970,506,229,32,166,16,34,139,43,"1,093",32,"5,255",208,6,461,45,283,698,60,104,12,107,864,-,39,82,18,542,563,19,138,6,255
Cyprus,104,-,-,D,-,22,-,-,-,-,5,D,-,-,-,D,-,D,-,D,-,4,5,3,-,-,-,-,-,-,-,12,-,31,-,-,D,-,-,D,-,D,-,D,9,-,-,-,-,D,D,-,-,-,1
Hong Kong,"3,713",3,3,28,-,"1,872",22,26,D,D,76,22,34,-,103,6,D,8,5,5,4,83,113,26,19,-,15,D,D,17,3,138,D,475,39,-,45,7,26,56,9,11,D,7,137,-,20,13,-,41,145,-,15,-,27
India,"37,975",88,6,300,67,"8,922",180,454,134,13,947,771,11,21,"3,436",271,60,151,98,80,16,"1,082",961,"1,815",370,92,282,-,60,111,71,"4,399",54,"2,968",528,18,"1,103",180,162,"1,213",38,188,6,287,"3,152",-,15,63,17,"1,100",635,36,330,11,602
Indonesia,"1,131",D,D,17,D,549,11,4,3,3,26,15,7,D,18,9,D,D,D,8,-,32,21,18,8,-,D,-,D,14,4,36,4,64,4,-,27,11,18,14,D,D,-,D,77,-,D,7,-,19,50,-,4,-,11
Iran,"11,781",24,3,129,10,"6,972",118,58,9,12,227,155,5,4,202,33,15,40,25,19,7,407,183,137,68,7,71,6,11,71,7,194,23,481,75,4,127,57,90,96,12,22,D,57,657,-,-,55,5,450,177,5,33,D,123
Iraq,"3,646",3,D,82,3,585,28,11,4,3,29,24,-,D,299,21,-,6,29,3,3,23,31,"1,543",31,3,111,-,44,8,-,13,7,96,8,10,28,6,16,53,6,D,7,81,106,-,-,19,-,103,104,-,6,-,45
Israel,"2,373",4,D,11,D,654,18,21,D,D,182,12,D,D,139,5,D,8,D,13,D,58,59,51,15,D,22,D,7,16,5,155,3,514,22,D,62,D,7,58,5,18,D,13,79,-,3,4,D,30,26,D,17,-,33
Japan,"1,955",D,D,30,D,830,20,17,-,3,49,26,112,5,59,5,D,8,4,4,D,30,28,35,9,D,15,3,5,28,4,71,5,163,13,D,24,8,30,15,D,6,-,10,55,-,15,18,-,45,101,D,4,D,26
Jordan,"2,324",8,-,21,7,451,10,11,D,4,88,15,D,-,332,21,4,11,9,17,D,25,40,184,21,7,33,5,12,6,D,149,7,171,48,-,129,15,7,44,4,6,-,38,185,-,4,8,D,59,21,-,39,-,41
Korea,"17,184",27,80,113,19,"6,924",275,63,18,10,239,322,220,9,733,42,10,47,33,27,6,546,180,243,66,14,89,3,6,105,27,"1,186",24,"1,654",159,4,149,46,164,354,14,45,D,71,686,-,111,71,6,794,915,D,36,5,187
Kuwait,796,D,-,17,4,143,8,7,-,-,30,10,D,-,61,8,D,3,D,8,-,13,13,56,14,3,15,-,-,5,D,39,D,31,27,D,51,6,3,12,9,D,D,12,105,-,3,10,-,24,7,-,12,-,15
Laos,"5,678",25,41,14,54,"1,326",89,55,D,D,107,90,14,10,111,23,46,99,8,30,D,12,113,148,"1,126",D,21,7,19,33,7,6,7,40,195,-,96,25,73,35,53,14,D,164,194,-,D,55,D,56,175,-,737,-,114
Lebanon,"3,314",6,D,19,D,896,19,40,-,7,135,22,-,D,84,7,3,11,3,10,D,20,222,808,34,-,10,-,9,22,18,110,7,152,26,-,133,D,19,52,13,10,D,9,204,-,-,6,D,95,20,6,13,-,25
Macau,146,-,-,-,-,93,D,-,-,-,D,-,3,-,4,-,-,-,D,-,-,D,10,D,D,-,D,-,-,-,-,D,-,12,-,-,-,-,D,3,-,-,-,-,D,-,-,D,-,D,4,-,-,-,1
Malaysia,"1,019",D,4,15,4,305,11,4,D,3,33,18,5,D,24,8,D,7,3,7,D,35,25,23,16,6,8,3,5,12,D,47,-,130,8,-,26,10,8,23,D,4,-,10,83,-,3,-,D,30,25,D,9,-,8
Maldives,D,-,-,-,-,D,-,-,-,-,-,-,-,-,-,-,-,-,-,-,-,-,-,-,-,-,-,-,-,-,-,-,-,-,-,-,-,-,-,-,-,-,-,-,-,-,-,-,-,-,-,-,-,-,-
Mongolia,21,-,-,D,-,5,-,-,-,D,-,-,-,-,D,-,-,-,-,-,-,D,-,-,D,-,-,D,-,D,-,D,-,-,-,-,D,-,-,-,-,-,-,-,-,-,-,D,-,D,D,-,-,-,-
Nepal,408,-,-,7,D,57,21,10,-,D,6,3,D,D,5,3,D,3,D,D,-,37,28,10,16,-,D,-,5,D,D,14,D,32,10,-,5,D,10,7,D,-,-,D,21,-,-,7,-,54,9,-,9,-,1
Oman,13,-,-,-,-,-,D,-,-,-,D,-,-,-,D,-,-,D,-,-,-,-,D,D,D,-,-,-,-,-,-,3,-,D,-,-,-,-,-,-,-,-,-,-,-,-,-,-,-,-,-,-,-,-,-
Pakistan,"8,744",17,4,41,12,"1,236",38,147,31,D,339,146,6,D,690,56,12,42,22,45,6,325,129,299,69,18,80,-,11,36,9,648,11,"1,511",106,D,157,53,12,201,19,15,-,54,"1,185",-,-,25,4,574,79,10,65,-,144
Philippines,"31,448",36,196,306,55,"14,854",168,160,40,24,"1,079",142,825,33,"1,604",97,36,74,39,47,17,592,148,394,117,42,171,21,35,947,28,"1,719",70,"1,447",144,17,268,80,165,255,34,125,15,117,"1,229",-,713,82,8,890,"1,137",14,109,9,474
Qatar,48,-,-,D,D,12,D,-,-,-,D,-,-,-,5,-,-,3,-,-,-,D,D,3,-,-,D,-,-,-,-,D,-,D,D,-,D,-,-,D,-,D,-,-,D,-,-,-,-,4,-,-,-,-,1
Saudi Arabia,354,D,D,D,D,73,7,7,-,D,20,5,-,-,31,D,-,D,D,D,-,10,9,25,6,D,3,-,D,D,D,19,D,13,5,-,17,3,D,7,-,D,-,4,36,-,-,D,-,18,D,-,D,-,8
Singapore,332,D,D,7,-,124,4,4,-,-,11,4,5,-,9,D,D,D,D,D,-,6,7,7,3,D,6,D,D,5,D,9,-,25,D,D,7,3,3,7,D,4,-,-,28,-,D,D,-,5,11,-,3,-,4
Sri Lanka,980,-,-,7,D,307,6,11,D,6,19,7,D,D,24,6,3,8,D,4,-,79,26,30,13,-,4,-,5,11,3,60,D,128,15,-,22,5,4,20,4,6,-,D,67,-,D,D,D,22,18,3,4,-,9
Syria,"2,385",3,-,21,D,732,13,10,D,D,92,15,-,-,178,13,4,14,D,13,-,30,88,183,7,D,8,D,D,11,D,131,D,324,10,D,76,19,10,123,19,10,-,14,97,-,D,5,-,48,16,7,7,-,18
Taiwan,"7,889",11,10,37,12,"4,542",59,27,8,D,96,59,26,3,166,27,7,33,12,7,D,150,144,123,32,5,48,D,7,52,16,383,7,432,43,D,124,13,34,101,15,20,D,28,436,-,18,33,3,105,268,3,31,D,64
Thailand,"3,779",15,22,41,7,"1,323",47,19,6,6,155,31,26,6,134,11,10,26,6,15,5,74,119,79,175,D,22,D,6,94,11,52,9,151,60,D,80,20,36,60,21,15,5,25,193,-,6,31,6,148,171,D,144,D,48
Turkey,"1,964",3,4,15,3,334,22,40,8,4,110,27,5,D,60,11,D,6,3,6,D,50,73,29,18,-,10,D,D,20,7,277,7,373,16,D,37,5,4,55,7,11,-,12,90,-,D,D,3,87,25,-,20,D,53
United Arab Emirates,168,-,-,3,-,29,D,D,D,-,6,4,-,D,15,D,-,-,-,-,-,3,8,18,3,-,3,-,-,D,-,7,-,13,D,D,D,D,-,7,-,D,-,-,23,-,-,-,D,4,D,-,4,-,2
Vietnam,"27,480",81,14,332,69,"11,043",435,129,25,56,808,715,83,51,605,132,167,295,107,269,26,330,"1,094",430,596,65,328,D,177,88,47,227,77,465,335,10,301,191,435,749,18,103,13,208,"2,993",-,16,188,26,782,"1,216",9,90,D,426
Yemen,822,D,-,D,-,173,D,6,6,-,5,D,D,-,37,14,D,-,D,4,-,6,D,262,3,4,D,-,-,-,-,5,-,217,10,-,9,-,D,D,-,D,-,3,9,-,-,-,-,14,11,-,-,-,8
Africa,"34,531",71,23,279,21,"4,087",562,357,137,225,"1,129","1,096",43,25,"1,221",184,93,124,117,100,77,"2,596","1,762",782,"2,249",32,435,11,126,202,47,"2,340",35,"3,377",657,27,"1,244",155,174,921,346,154,34,348,"2,561",D,17,149,17,"2,028","1,025",10,171,D,522
Algeria,616,D,-,3,-,106,18,6,D,5,27,8,-,-,31,7,D,3,-,6,D,13,57,24,6,-,D,-,D,D,3,28,D,92,7,-,21,3,4,22,D,D,-,3,35,-,-,D,-,34,19,D,D,-,9
Angola,87,-,-,D,-,10,D,5,-,-,D,-,-,-,-,-,-,-,-,-,-,5,20,D,-,-,-,-,-,3,-,15,-,6,D,-,-,-,D,D,D,-,-,-,4,-,-,D,-,4,-,-,-,-,2
Benin,42,-,-,-,-,D,D,D,-,-,D,D,-,-,D,D,-,-,-,-,-,14,D,D,D,-,-,-,-,-,-,D,-,5,-,-,D,-,-,D,-,-,-,-,D,-,-,-,-,4,-,-,-,-,-
Botswana,D,-,-,-,-,D,-,-,-,-,D,-,-,-,-,-,-,-,-,-,-,D,-,-,-,-,D,-,-,-,-,-,-,-,-,-,-,-,-,-,-,-,-,D,-,-,-,-,-,-,-,-,-,-,-
Burkina Faso,19,-,-,D,-,-,-,-,-,D,-,-,-,-,D,-,-,-,-,-,-,D,D,-,D,-,-,-,-,-,-,D,-,6,-,-,D,-,-,-,-,-,-,-,-,-,-,-,-,D,-,-,D,-,-
Burundi,59,-,-,3,-,6,D,D,D,-,D,-,-,-,D,-,D,-,D,-,-,3,-,D,D,-,-,-,-,-,D,-,-,10,D,-,3,D,-,-,D,-,-,-,10,-,-,-,-,3,-,-,-,-,1
Cameroon,575,D,D,4,-,42,D,3,3,7,9,26,4,D,10,3,-,D,6,4,D,161,21,16,34,-,6,D,D,-,4,13,-,32,11,-,22,8,D,7,-,-,-,3,52,-,-,D,-,34,3,-,9,-,6
Cape Verde,635,-,-,-,-,5,-,21,D,-,6,D,-,-,-,-,-,-,-,-,D,D,434,-,-,-,-,-,-,-,-,8,-,13,-,-,D,D,-,-,131,-,-,-,D,-,-,-,-,D,D,D,-,-,5
Central African Republic,5,-,-,-,-,-,-,-,-,-,-,-,-,-,-,-,-,-,-,-,-,D,-,-,-,-,-,-,-,-,-,-,-,-,-,-,-,-,-,D,-,-,-,-,-,-,-,-,-,D,-,-,-,-,1
Chad,27,-,-,5,-,-,-,D,-,-,-,-,-,-,D,-,-,-,-,-,-,D,-,-,-,-,-,-,D,-,-,D,-,D,D,-,-,-,-,D,-,-,-,-,-,-,-,9,-,D,D,-,-,-,-
Comoros,D,-,-,-,-,-,-,-,-,-,-,-,-,-,-,-,-,-,-,-,-,-,D,-,-,-,D,-,-,-,-,-,-,-,-,-,-,-,-,-,-,D,-,-,-,-,-,-,-,-,-,-,-,-,-
"Congo, Democratic Republic",88,-,-,-,-,5,D,D,-,-,D,D,-,-,D,D,-,-,-,-,D,7,4,3,3,-,D,-,-,D,D,D,-,4,8,-,5,-,-,D,-,-,D,3,12,-,-,D,-,3,-,-,D,-,9
"Congo, Republic",163,-,-,3,-,22,D,D,-,D,4,D,-,D,6,D,D,-,D,D,D,18,11,4,6,-,4,-,D,D,3,D,-,15,10,-,6,-,D,3,D,-,D,-,8,-,-,5,-,10,3,-,D,-,-
Cote d'Ivoire,317,D,-,5,-,16,D,D,D,3,8,20,-,-,8,D,D,-,-,-,-,32,12,13,4,-,D,-,-,D,D,30,-,78,5,-,3,-,D,14,D,3,D,-,15,-,-,3,D,9,12,-,4,-,1
Djibouti,12,-,-,-,-,-,-,-,-,-,-,D,-,-,D,-,-,-,-,-,-,-,-,D,3,-,-,-,-,-,-,D,-,D,-,-,-,-,-,D,-,-,D,-,-,-,-,-,-,-,-,-,-,-,-
Egypt,"3,726",6,D,14,D,772,10,41,31,5,159,27,D,D,98,16,7,10,13,12,-,55,102,109,70,D,17,D,D,14,7,709,D,529,52,D,153,14,9,146,15,17,D,84,124,-,D,D,3,144,46,D,15,-,52
Equatorial Guinea,3,-,-,-,-,-,-,-,-,-,-,-,-,-,D,-,-,-,-,-,-,-,-,-,-,-,-,-,-,-,-,-,-,-,-,-,-,-,-,-,-,-,-,-,D,-,-,-,-,-,-,-,-,-,-
Eritrea,829,-,-,13,-,177,27,3,D,9,5,29,-,-,15,5,D,3,-,3,-,40,22,14,63,D,18,-,-,15,-,7,-,18,13,-,43,-,11,21,D,-,D,5,66,-,-,D,-,75,91,-,5,-,3
Ethiopia,"4,255",6,D,32,D,748,180,8,6,78,54,185,5,D,93,34,4,24,8,D,D,391,117,65,362,D,49,D,9,93,D,60,3,100,43,D,131,17,34,73,-,7,11,37,338,-,D,9,D,453,301,D,9,-,60
Gabon,12,-,-,-,-,D,-,-,-,-,-,-,-,-,-,-,-,-,-,-,-,D,-,-,-,-,-,-,-,-,-,-,-,D,-,-,D,-,-,-,-,D,-,-,3,-,-,-,-,D,-,-,-,-,1
"Gambia, The",136,-,-,-,-,6,-,-,D,D,D,10,-,D,D,D,-,4,-,-,-,22,D,5,6,-,D,-,D,-,-,6,-,20,5,-,D,-,D,3,D,-,D,D,8,-,-,-,-,D,15,-,D,-,2
Ghana,"3,577",D,3,14,-,157,49,69,13,9,60,114,4,4,165,8,5,4,12,5,D,295,189,50,84,D,13,D,4,5,-,394,D,789,67,-,165,25,D,82,28,13,-,19,161,-,D,4,D,393,33,D,10,-,46
Guinea,124,D,-,-,-,8,D,-,D,D,3,5,-,-,5,D,-,D,D,-,-,9,5,4,D,-,-,-,-,-,-,4,-,34,D,-,7,-,-,8,4,-,-,3,5,-,-,-,D,7,-,-,D,-,1
Guinea-Bissau,10,-,-,-,-,-,-,-,-,-,-,-,-,-,-,-,-,-,D,-,-,D,3,-,-,-,-,-,-,-,-,-,-,D,-,-,-,-,-,-,D,-,-,-,D,-,-,-,-,-,-,-,-,-,-
Kenya,997,4,-,7,D,133,8,7,17,D,56,32,4,D,32,7,6,15,D,3,D,52,37,22,52,D,16,D,D,7,3,88,D,33,27,D,23,10,4,33,5,9,D,7,121,-,-,3,D,35,36,-,D,-,24
Lesotho,D,-,-,-,-,D,-,-,-,-,-,D,-,-,-,D,D,-,-,-,-,D,-,-,-,-,-,-,-,-,-,-,D,-,-,-,D,-,-,-,-,-,-,-,D,-,-,-,-,-,-,-,-,-,-
Liberia,"1,218",D,D,4,3,63,11,9,4,D,18,53,D,-,37,D,D,D,D,3,D,117,49,31,177,D,15,-,3,D,-,81,D,82,48,-,42,4,D,85,56,10,-,5,71,-,D,-,D,61,4,D,13,-,35
Libya,130,-,-,D,-,28,D,3,D,-,7,3,-,-,3,-,-,-,D,D,-,D,7,4,D,-,3,-,-,D,-,6,D,8,5,-,7,3,4,-,D,D,D,-,7,-,-,D,-,6,7,-,D,-,-
Madagascar,30,-,-,-,-,D,-,D,-,-,D,D,-,-,D,D,-,-,-,-,-,3,-,-,D,-,-,-,-,-,-,D,-,7,-,-,-,D,-,-,-,-,-,D,D,-,-,-,-,4,D,-,-,-,-
Malawi,52,D,D,-,D,10,3,-,-,-,D,4,D,D,D,-,-,-,-,-,-,4,-,-,-,-,D,-,-,-,-,D,-,D,3,-,-,D,D,D,-,D,-,D,6,-,-,-,-,D,D,-,-,-,1
Mali,66,-,-,-,-,D,4,-,-,-,D,-,-,-,D,-,D,-,D,-,-,11,D,-,-,-,-,-,-,-,-,D,-,22,D,-,-,D,-,10,D,-,-,-,-,-,-,-,-,4,D,-,-,-,1
Mauritania,53,-,-,3,-,D,4,-,D,D,-,D,-,-,D,-,-,-,-,D,-,4,D,D,D,-,D,-,-,-,-,-,-,5,-,-,12,-,D,3,D,-,-,D,-,-,-,-,-,D,3,-,-,-,-
Mauritius,43,-,-,D,-,3,D,-,-,-,D,-,D,-,D,-,-,-,-,D,-,D,D,-,-,-,-,-,-,-,-,3,D,4,D,-,4,-,-,5,D,D,-,D,5,-,-,-,-,3,D,-,-,-,-
Morocco,"1,841",-,D,13,D,164,47,35,6,11,200,21,D,D,67,9,-,5,5,D,-,47,226,22,42,D,15,D,-,11,4,109,D,242,33,D,41,10,6,74,D,17,D,6,74,D,D,4,D,183,33,D,19,-,21
Mozambique,40,-,-,-,-,7,3,-,-,-,3,-,-,-,D,D,-,-,-,-,-,-,3,-,D,D,-,-,-,-,-,9,-,D,-,-,-,D,-,-,D,D,-,D,D,-,-,D,-,3,-,-,-,-,-
Namibia,13,-,D,-,-,4,-,-,-,-,-,-,-,-,-,-,-,-,-,-,-,-,-,D,D,-,-,-,-,-,-,-,-,-,D,-,-,-,D,-,-,-,-,D,-,-,-,-,-,D,-,-,-,-,-
Niger,46,D,-,D,-,9,D,-,-,-,D,D,-,-,D,-,-,-,-,-,-,D,-,D,D,-,-,-,-,-,-,D,-,6,-,-,D,D,-,-,-,-,-,-,D,-,-,-,-,-,-,-,D,-,14
Nigeria,"6,470",28,7,38,7,610,38,50,27,54,180,274,7,-,435,39,9,27,16,41,D,822,159,178,161,11,99,3,14,19,3,507,6,730,112,-,134,40,10,130,60,29,-,61,985,-,6,8,D,114,52,-,27,-,100
Rwanda,116,D,-,D,D,8,D,D,-,-,3,D,-,D,-,4,5,-,5,-,D,4,3,5,D,-,3,-,D,-,-,D,-,3,16,-,16,-,D,D,-,-,-,3,4,-,-,-,-,7,D,-,D,-,5
Sao Tome & Principe,D,-,-,-,-,-,-,-,-,-,-,-,-,-,-,-,-,D,-,-,-,-,-,-,-,-,-,-,-,-,-,-,-,-,-,-,-,-,-,-,-,-,-,-,-,-,-,-,-,-,-,-,-,-,-
Senegal,371,-,-,D,-,24,6,5,-,3,12,8,D,-,12,7,-,D,D,D,-,34,17,14,4,-,8,-,D,-,D,20,D,79,6,-,36,-,-,3,20,-,-,D,12,-,D,-,-,14,7,-,D,D,3
Seychelles,13,-,-,-,-,4,-,-,-,-,D,-,D,-,-,-,-,-,-,-,-,-,D,-,-,-,-,-,-,-,-,-,-,-,D,-,-,D,-,-,-,-,-,-,D,-,-,-,-,D,D,-,-,-,1
Sierra Leone,945,-,-,11,D,75,5,D,D,12,16,22,3,-,9,7,3,D,4,D,-,229,29,31,27,-,5,-,D,-,D,76,D,67,25,-,35,D,D,51,D,5,-,6,50,-,D,-,-,99,4,-,7,-,17
Somalia,"2,714",D,D,32,-,177,26,10,-,D,5,111,-,-,26,6,10,6,19,D,50,37,91,89,977,-,85,-,D,D,-,D,-,68,23,12,226,D,49,7,-,D,-,58,70,-,-,41,D,107,237,-,11,D,33
South Africa,"1,453",3,D,38,3,378,44,42,7,6,147,64,3,D,32,5,6,6,10,8,D,23,43,23,19,5,22,-,4,14,3,33,8,74,25,-,38,5,17,39,6,14,-,9,108,-,-,26,D,17,51,D,3,D,15
St. Helena,D,-,-,-,-,-,-,-,-,-,D,-,-,-,-,-,-,-,-,-,-,-,-,-,-,-,-,-,-,-,-,-,-,-,-,-,-,-,-,-,-,-,-,-,-,-,-,-,-,-,-,-,-,-,-
Sudan,"1,104",10,-,10,-,76,35,12,4,3,19,20,D,D,42,4,26,D,3,D,9,46,14,11,86,3,22,-,64,D,3,21,-,77,67,10,27,-,3,34,D,3,10,17,85,-,-,25,D,115,30,-,16,-,33
Swaziland,5,-,-,-,-,D,-,-,-,-,-,-,-,-,-,-,-,-,-,-,-,-,D,-,-,-,-,-,-,-,-,-,-,-,D,-,-,-,-,-,-,D,-,-,-,-,-,-,-,-,-,-,-,-,-
Tanzania,348,-,-,3,-,56,4,D,4,D,33,11,-,4,21,D,-,3,D,-,-,17,16,7,14,-,6,-,D,D,D,28,D,23,3,-,4,-,-,21,-,9,-,D,27,-,-,-,-,9,9,-,-,-,4
Togo,204,-,D,3,-,16,5,3,D,3,10,5,D,-,11,D,-,D,D,D,D,24,3,D,17,-,-,-,7,-,D,9,-,34,6,-,7,D,-,4,-,-,-,-,3,-,-,-,-,15,5,-,D,-,-
Tunisia,192,-,-,D,-,31,D,5,-,4,14,-,-,D,8,D,-,-,-,-,-,7,7,9,4,-,5,-,-,D,D,9,D,17,4,-,4,-,-,10,-,D,-,D,10,-,D,-,-,23,3,-,D,-,3
Uganda,327,D,-,5,-,50,9,6,D,D,17,8,-,-,19,D,D,D,-,-,-,19,30,10,9,-,6,-,D,D,-,26,D,15,7,-,9,D,D,10,-,5,-,3,22,-,-,D,-,12,8,-,-,-,4
Zambia,180,-,-,D,-,31,4,-,-,D,21,6,-,D,8,-,-,-,-,-,D,7,6,3,3,-,-,-,-,D,D,15,-,9,5,-,D,D,D,6,-,-,-,D,26,-,D,-,-,8,D,-,D,-,5
Zimbabwe,225,D,-,4,-,37,3,D,-,-,15,14,D,D,8,D,D,D,D,D,-,7,14,6,D,-,5,-,4,D,-,10,-,13,10,-,9,D,D,6,D,D,D,D,21,-,-,D,-,4,3,-,4,D,4
Oceania,"3,551",4,34,42,5,"1,868",83,38,5,6,94,32,77,8,40,13,D,19,10,6,8,27,60,41,31,-,27,14,4,27,3,48,20,158,32,D,27,10,64,24,4,5,D,6,112,-,5,102,3,45,198,D,19,3,32
American Samoa,137,-,12,D,-,59,D,-,-,-,D,D,18,-,-,-,-,D,D,-,-,-,D,-,D,-,6,-,-,D,-,-,-,-,D,-,-,D,D,-,-,-,-,-,D,-,-,D,-,D,16,-,-,-,1
Australia,"1,295",D,8,29,-,428,51,28,5,D,55,20,12,D,27,8,D,8,D,D,D,17,43,28,20,-,12,8,D,12,D,34,12,129,19,-,18,5,17,16,D,D,D,D,55,-,D,25,D,34,36,D,13,D,13
Fiji,"1,267",-,-,3,D,"1,055",4,D,-,-,D,5,D,D,D,-,-,D,-,-,-,D,3,5,D,-,3,D,-,D,-,3,D,D,D,-,4,D,26,D,-,-,-,-,12,-,-,-,-,D,102,D,D,-,6
French Polynesia,10,-,-,-,-,D,-,-,-,-,D,-,D,-,-,-,-,-,-,-,-,-,D,-,-,-,-,-,-,-,-,-,-,-,-,-,-,-,-,-,-,-,-,-,-,-,-,D,-,-,-,-,-,-,2
Kiribati,D,-,-,-,-,-,D,-,-,-,D,-,-,-,-,-,-,-,-,-,-,-,-,-,-,-,-,-,-,-,-,-,-,-,-,-,-,-,-,-,-,-,-,-,-,-,-,-,-,-,-,-,-,-,-
Marshall Islands,9,-,-,-,-,D,-,-,-,-,-,-,D,-,-,-,-,D,-,-,-,-,-,-,-,-,-,-,-,-,-,-,-,-,D,D,-,-,-,-,-,-,-,-,-,-,-,-,-,-,D,-,-,-,1
"Micronesia, Federated States",14,-,-,-,D,3,-,-,-,-,-,D,-,-,-,-,-,-,-,-,-,-,-,-,-,-,-,-,-,-,-,-,-,D,D,-,-,-,-,-,-,-,-,-,D,-,-,-,-,D,D,-,D,-,1
Nauru,D,-,-,-,-,-,-,-,-,-,-,-,-,-,-,-,-,-,-,-,-,-,-,-,-,-,-,-,-,-,-,-,-,-,-,-,-,-,-,-,-,-,-,-,D,-,-,-,-,-,-,-,-,-,-
New Caledonia,D,-,-,-,-,-,-,-,-,-,D,-,-,-,D,-,-,-,-,-,-,-,D,-,-,-,-,-,-,-,D,-,-,-,-,-,-,-,-,-,-,-,-,-,-,-,-,-,-,-,-,-,-,-,-
New Zealand,420,D,4,3,D,124,20,D,-,D,27,3,9,D,9,D,D,5,D,D,D,D,8,5,4,-,3,D,-,7,-,11,5,D,6,-,5,D,11,D,D,D,-,3,25,-,D,17,D,D,18,-,D,-,2
Palau,19,D,-,-,-,4,D,-,-,-,-,-,3,-,-,-,-,-,-,-,-,-,-,-,-,-,-,-,-,-,-,-,-,-,-,D,-,D,-,-,-,-,-,-,D,-,D,-,-,-,D,-,-,-,3
Papua New Guinea,D,-,-,-,-,D,-,-,-,-,-,-,-,-,-,-,-,-,-,-,-,-,-,-,-,-,-,-,-,-,-,-,D,-,-,-,-,-,-,-,-,-,-,-,-,-,-,-,-,-,D,-,-,-,-
Samoa,157,-,7,4,D,77,D,-,-,-,-,D,16,D,-,-,-,-,-,-,-,-,D,D,-,-,3,-,-,D,-,-,-,-,D,-,-,-,5,D,-,-,-,D,D,-,-,16,-,-,12,-,-,D,2
Solomon Islands,D,-,-,-,-,D,-,-,-,-,-,-,-,-,-,-,-,-,-,-,-,-,-,-,D,-,-,-,-,-,-,-,-,-,-,-,-,-,-,-,-,-,-,-,-,-,-,-,-,-,-,-,D,-,-
Tonga,207,-,3,D,-,109,3,-,-,-,4,-,14,D,-,D,-,-,-,-,-,-,D,D,D,-,-,-,-,3,-,-,-,-,-,-,-,-,D,-,-,-,-,-,12,-,-,37,-,-,8,-,-,-,1
Vanuatu,3,-,-,-,-,D,-,-,-,-,-,-,-,-,-,-,-,-,-,-,-,-,-,-,-,-,-,-,D,-,-,-,-,-,-,-,-,-,-,-,-,-,-,-,-,-,-,-,-,-,-,-,-,-,-
North America,"151,047",119,149,"2,955",315,"40,831","1,668","1,342",219,230,"23,624","1,365",234,322,"6,620",590,373,642,235,388,117,"2,383","3,871","1,297",632,123,547,76,633,"1,615",187,"6,103",764,"20,277","1,161",57,691,472,715,"1,331",700,322,45,421,"15,327",-,682,866,62,"1,917","1,703",38,592,50,"3,049"
Canada,"7,682",D,22,223,25,"1,318",176,157,15,D,880,118,23,49,210,66,25,36,28,31,77,D,234,559,150,9,85,48,17,D,89,D,32,462,142,21,204,39,117,130,26,65,12,73,D,-,4,113,53,129,411,8,57,10,114
Greenland,D,-,-,-,-,D,-,-,-,-,-,-,-,-,-,-,-,-,-,-,-,-,-,-,-,-,-,-,-,-,-,-,-,-,-,-,-,-,-,-,-,-,-,-,-,-,-,-,-,-,-,-,-,-,-
Mexico,"63,840",45,59,"2,453",214,"29,541","1,256",74,56,16,"1,039",444,58,246,"5,207",379,284,486,60,68,D,125,93,400,287,49,256,14,494,"1,063",19,289,655,719,395,12,173,343,493,184,19,92,20,177,"11,970",-,34,581,D,250,976,9,402,32,"1,221"
United States,36,D,-,D,D,D,-,-,-,D,5,-,-,-,3,-,-,-,-,-,-,D,-,D,-,-,-,-,-,D,-,D,-,3,-,-,-,-,-,-,-,-,-,-,D,-,-,-,-,4,D,-,-,-,-
Caribbean,"54,811",28,45,D,D,968,82,989,129,89,"18,330",598,96,10,455,79,14,42,118,76,23,"1,192","3,097",252,83,31,113,6,27,165,63,"4,723",33,"17,020",344,14,214,37,45,879,520,95,8,90,748,-,597,46,5,552,D,12,79,3,"1,317"
Anguilla,18,-,-,-,-,-,-,-,-,-,D,-,-,-,-,D,-,-,-,-,-,D,D,-,-,-,-,-,-,-,-,D,-,3,D,-,-,-,-,D,D,-,-,D,-,-,3,-,-,-,-,-,-,-,1
Antigua-Barbuda,357,-,-,D,D,7,-,8,D,D,51,6,3,-,D,D,D,D,D,3,-,8,5,-,-,D,-,-,D,-,-,29,D,155,4,-,D,D,-,6,-,D,-,D,10,-,26,D,-,7,D,-,-,-,7
Aruba,30,-,-,D,-,D,-,-,-,-,7,-,-,-,-,-,-,-,-,D,-,D,-,-,-,-,D,-,D,-,-,D,-,11,-,-,-,-,-,-,-,-,-,D,D,-,D,-,-,-,-,-,-,-,1
"Bahamas, The",378,3,-,D,D,13,D,-,-,D,220,15,3,D,D,3,D,3,3,D,D,10,D,D,D,D,D,-,-,-,-,5,-,30,10,-,-,D,-,6,-,D,-,3,8,-,-,-,-,7,3,-,D,-,9
Barbados,650,-,D,6,D,15,D,16,D,D,64,12,3,-,D,3,-,-,D,D,-,17,54,4,-,D,D,-,-,3,-,46,-,312,D,-,7,D,-,15,D,5,-,D,11,-,D,-,-,11,4,-,D,-,13
Bermuda,47,-,-,-,-,4,D,-,D,-,11,4,-,-,-,-,-,D,-,-,-,3,D,-,-,-,-,-,-,D,-,D,-,3,D,-,D,-,-,D,3,D,-,-,D,-,-,-,-,D,-,-,D,-,1
British Virgin Islands,41,-,-,-,-,D,-,-,-,-,3,D,-,-,-,-,-,-,-,-,-,D,D,D,-,-,D,-,-,-,-,D,-,4,D,-,-,-,-,-,-,-,-,-,D,-,13,-,-,3,-,-,-,-,5
Cayman Islands,9,-,-,-,-,-,-,-,-,-,5,-,-,-,-,-,-,-,-,-,-,-,-,-,-,-,-,-,-,-,-,-,-,D,-,-,D,-,-,-,-,-,-,-,D,-,-,-,-,-,-,-,-,-,-
Cuba,"11,236",6,4,29,3,315,10,18,3,3,"9,033",34,4,-,87,9,D,3,73,24,D,28,41,45,11,6,22,-,6,109,D,418,14,181,39,3,15,D,30,20,4,8,D,16,142,-,58,5,-,41,20,D,5,D,281
Dominica,441,-,5,D,-,11,3,6,-,-,61,13,D,-,12,D,-,-,-,-,D,11,20,D,D,-,-,-,-,D,-,41,-,96,D,-,7,-,-,6,-,-,-,-,34,-,51,-,-,7,5,-,-,-,40
Dominican Republic,"15,464",D,22,11,D,83,17,150,18,21,"1,354",58,11,D,62,22,5,8,7,12,5,130,"1,694",66,9,5,16,D,7,23,34,"2,206",7,"7,587",87,D,52,6,D,295,433,12,D,11,95,-,300,22,D,87,13,-,25,-,366
Grenada,530,-,-,D,-,8,-,D,3,D,33,9,3,-,-,-,-,D,D,-,D,31,8,D,D,D,D,-,-,-,-,21,-,328,3,-,D,D,-,4,-,-,-,3,20,-,D,D,D,19,3,D,D,-,8
Guadeloupe,21,-,D,-,-,D,D,-,-,-,4,-,-,-,-,-,-,-,-,-,-,D,-,-,-,-,-,-,-,-,-,3,-,4,-,-,-,-,-,D,-,-,-,-,-,-,4,-,-,-,-,-,-,-,-
Haiti,"8,215",D,3,14,D,74,13,187,40,8,"3,225",108,13,D,76,17,3,6,9,6,D,132,900,27,9,4,32,D,D,11,17,706,D,"1,886",46,4,19,D,5,164,52,14,D,9,36,-,10,5,-,63,22,D,-,-,223
Jamaica,"12,271",11,4,13,4,280,17,543,47,30,"3,408",249,36,D,185,10,D,10,12,16,7,511,245,74,30,8,32,-,5,8,8,867,4,"4,318",93,3,79,14,6,274,13,32,D,23,183,-,19,9,-,193,24,8,36,-,265
Martinique,18,-,-,D,-,-,-,-,-,-,D,-,-,-,3,-,-,-,-,-,-,D,-,-,-,-,-,-,-,-,-,-,-,5,D,-,-,-,-,-,-,-,-,D,-,-,-,-,-,3,-,-,-,-,-
Montserrat,54,-,-,-,-,D,-,D,-,-,3,-,-,-,-,-,-,-,-,D,-,4,10,D,D,-,-,-,-,D,-,3,-,20,-,-,-,-,-,-,D,-,-,D,-,-,4,-,-,D,-,-,-,-,-
Netherlands Antilles,23,D,-,-,-,D,-,-,-,-,7,D,-,-,-,-,-,-,-,-,D,-,D,-,-,-,-,-,-,-,-,-,-,4,D,-,-,-,-,-,-,-,-,-,D,-,D,-,-,-,-,-,-,-,1
St. Kitts-Nevis,282,-,-,D,-,4,-,10,-,-,49,4,D,-,-,D,-,-,3,D,D,9,7,D,-,-,-,-,D,-,-,6,D,76,6,D,3,3,-,D,D,-,D,D,8,-,54,-,D,8,D,-,-,-,10
St. Lucia,359,-,D,-,-,18,D,14,D,D,51,9,D,-,D,D,-,D,-,D,-,14,6,D,3,-,D,-,-,D,D,19,-,126,4,-,D,D,D,4,D,D,-,D,26,-,27,-,-,4,D,-,-,-,4
St. Vincent & the Grenadines,388,-,-,D,-,9,D,3,-,D,34,3,D,-,D,-,-,-,D,-,-,7,14,D,D,-,-,-,-,-,-,27,-,245,-,-,D,-,-,5,-,-,-,D,9,-,4,D,-,5,-,-,D,-,7
Trinidad & Tobago,"3,958",4,3,9,D,121,13,30,13,19,695,69,13,4,23,9,D,6,5,8,D,271,86,21,14,3,3,3,3,5,-,319,4,"1,620",41,D,23,5,D,75,8,16,D,13,157,-,17,D,D,91,24,-,5,D,73
Turks & Caicos Islands,16,-,-,-,-,-,-,-,-,-,8,D,-,-,-,-,-,-,-,-,-,-,-,-,-,-,-,-,-,D,-,D,-,D,-,-,-,-,-,-,-,-,-,-,D,-,-,-,-,-,-,-,-,-,2
U.S. Virgin Islands,D,-,-,-,-,-,-,-,-,-,-,D,-,-,-,-,-,-,-,-,-,-,-,D,-,-,-,-,-,-,-,-,-,D,-,-,-,-,-,-,-,-,-,-,-,-,-,-,-,-,-,-,-,-,-
Central America,"24,677",26,23,185,61,"8,995",154,122,19,117,"3,370",205,57,17,745,66,50,78,29,213,9,974,447,D,112,34,93,8,95,303,16,915,44,"2,073",280,10,100,53,60,138,135,70,5,81,"2,191",-,47,126,D,982,192,9,54,5,397
Belize,664,-,D,5,-,277,3,D,-,D,59,6,-,-,72,-,D,D,D,4,-,3,D,5,D,D,D,-,-,7,-,17,-,104,4,-,D,3,D,D,D,3,-,D,48,-,D,-,-,4,3,-,3,D,11
Costa Rica,970,D,-,5,-,195,3,11,D,D,211,20,D,D,14,D,D,D,D,4,-,15,22,9,10,3,D,-,-,7,D,114,D,105,16,D,D,4,D,23,7,9,-,D,49,-,D,5,-,22,13,-,7,-,21
El Salvador,"9,602",D,10,68,37,"4,456",66,22,3,75,274,56,18,7,139,26,13,35,D,18,D,610,147,18,35,3,27,D,38,141,3,286,17,687,74,D,23,10,24,22,16,10,D,15,"1,218",-,15,50,-,602,61,4,8,D,100
Guatemala,"5,080",7,D,59,10,"2,312",24,56,5,13,274,34,D,7,355,10,13,16,9,24,3,143,152,12,25,6,13,D,29,81,3,160,13,336,31,D,20,9,20,30,99,15,-,9,309,-,7,45,-,147,29,D,12,-,80
Honduras,"3,455",8,D,19,9,597,23,D,D,11,736,28,8,D,94,16,13,13,6,127,3,54,84,14,19,9,29,D,14,22,4,239,4,540,48,D,12,14,6,35,5,6,D,20,318,-,4,13,-,84,34,-,7,D,87
Nicaragua,"3,444",-,D,12,D,"1,001",9,10,D,12,"1,498",19,10,-,43,D,5,6,D,25,D,100,D,8,D,D,12,-,7,32,D,56,D,110,62,D,12,4,5,D,D,9,D,12,123,-,5,10,3,71,23,-,7,D,70
Panama,"1,462",5,8,17,D,157,26,12,7,3,318,42,13,-,28,8,-,5,9,11,-,49,25,18,16,10,6,4,7,13,3,43,6,191,45,D,19,9,D,16,5,18,-,20,126,-,12,3,-,52,29,D,10,-,28
South America,"38,676",34,31,192,22,"4,431",239,780,66,79,"8,488",413,63,33,888,89,38,91,60,98,26,954,"1,048",230,288,31,124,15,41,199,66,"5,038",74,"8,805",394,11,225,95,73,472,206,146,6,97,"1,244",-,89,312,14,"1,232",260,13,78,7,628
Argentina,"1,965",-,D,9,3,495,19,35,4,9,475,13,D,-,42,15,4,10,D,7,D,42,46,25,19,D,9,D,-,21,5,109,D,226,14,-,14,D,7,32,9,7,-,3,61,-,14,48,4,44,18,-,6,-,28
Bolivia,"1,125",D,-,6,-,197,9,D,D,5,116,6,D,D,21,4,D,D,D,3,D,100,14,6,D,D,5,D,-,D,-,42,D,90,6,-,D,5,D,D,20,3,-,D,44,-,D,15,-,344,7,D,4,-,9
Brazil,"4,074",D,5,31,D,637,33,124,D,9,913,44,15,4,65,5,D,8,10,16,3,109,409,66,24,D,16,D,D,38,15,429,6,394,39,D,24,15,14,55,20,16,D,17,147,-,5,56,D,94,38,D,19,-,65
Chile,"1,142",3,D,13,D,239,10,17,7,3,264,8,D,-,28,D,D,D,D,6,D,38,33,5,11,D,D,-,4,8,-,83,6,121,11,-,17,-,9,10,D,D,-,5,52,-,3,32,-,27,19,D,6,D,19
Colombia,"9,819",12,14,48,5,696,37,221,16,16,"3,085",148,17,7,207,22,7,18,8,23,8,134,261,46,47,11,30,6,15,57,24,"1,414",28,"1,680",133,3,41,18,11,145,115,61,D,24,382,-,24,30,3,167,60,D,18,D,208
Ecuador,"5,616",3,D,17,D,437,15,118,7,D,627,20,5,D,320,9,3,14,5,11,4,81,79,9,43,-,10,-,6,16,9,"1,107",8,"2,104",58,3,18,6,D,68,17,15,D,6,110,-,9,21,D,70,21,D,4,D,88
French Guiana,6,-,-,-,-,D,-,-,-,-,D,-,-,-,-,-,-,-,-,-,-,-,-,-,-,-,D,-,-,-,-,-,-,D,-,-,-,-,-,-,-,-,-,-,-,-,-,-,-,-,-,-,-,-,-
Guyana,"4,877",3,D,8,-,74,7,57,19,18,438,68,5,-,17,D,-,5,3,4,-,165,40,15,104,D,6,-,D,D,D,528,4,"2,950",38,-,38,D,D,41,D,16,D,10,60,-,-,-,-,51,12,-,D,-,55
Paraguay,178,-,-,D,-,17,D,D,-,D,D,D,-,D,D,-,D,3,-,-,-,10,D,D,-,-,-,-,-,-,-,12,-,55,D,-,D,-,D,D,-,D,-,-,5,-,-,D,-,12,5,-,D,-,5
Peru,"6,980",6,4,41,7,"1,384",74,171,8,11,"1,361",60,12,9,134,12,8,16,18,15,4,211,92,23,18,8,25,D,7,48,4,"1,126",13,919,63,D,34,39,26,81,10,15,D,16,219,-,13,76,D,354,63,3,8,D,103
Suriname,97,-,-,-,-,D,-,-,D,-,27,-,-,-,D,-,D,-,-,-,-,5,D,-,D,-,-,-,-,-,-,6,-,18,D,-,D,-,-,4,-,D,-,D,4,-,D,-,-,6,-,-,D,-,2
Uruguay,412,D,D,D,-,59,D,10,-,D,92,D,D,D,4,D,D,D,D,-,-,14,15,D,5,-,D,D,-,D,D,70,-,52,3,-,D,-,-,3,-,-,-,-,17,-,D,D,D,13,5,-,D,-,8
Venezuela,"2,385",3,-,14,D,183,28,20,D,4,"1,066",39,3,6,46,17,6,13,9,13,3,45,56,30,12,4,17,D,4,6,6,112,4,193,25,D,27,8,D,28,10,9,-,13,143,-,16,26,D,50,12,3,7,-,38
Other/Unknown,"1,358",3,10,5,1,255,19,6,3,2,38,9,-,-,134,8,4,10,4,7,3,15,32,71,16,2,9,3,4,1,3,48,3,135,1,-,51,2,10,24,8,3,-,8,68,-,18,16,1,58,22,2,16,-,187
Stateless,9,-,-,-,-,-,-,-,-,-,-,-,-,-,-,-,-,1,-,-,-,-,-,-,-,-,-,-,-,-,-,-,-,1,-,-,-,-,-,-,-,-,-,-,-,-,-,1,-,4,-,-,-,-,2
Unknown,"1,349",3,10,5,1,255,19,6,3,2,38,9,-,-,134,8,4,9,4,7,3,15,32,71,16,2,9,3,4,1,3,48,3,134,1,-,51,2,10,24,8,3,-,8,68,-,18,15,1,54,22,2,16,-,185
D  Disclosure standards not met. ,,,,,,,,,,,,,,,,,,,,,,,,,,,,,,,,,,,,,,,,,,,,,,,,,,,,,,,
-  Represents zero.,,,,,,,,,,,,,,,,,,,,,,,,,,,,,,,,,,,,,,,,,,,,,,,,,,,,,,,
