Supplemental Table 1.,,,,,,,,,,,,,,,,,,,,,,,,,,,,,,,,,,,,,,,,,,,,,,,,,,,,,,,,,,
PERSONS NATURALIZED BY STATE OR TERRITORY OF RESIDENCE AND REGION AND COUNTRY OF BIRTH: FISCAL YEAR 2015,,,,,,,,,,,,,,,,,,,,,,,,,,,,,,,,,,,,,,,,,,,,,,,,,,,,,,,,,,
,,,,,,,,,,,,,,,,,,,,,,,,,,,,,,,,,,,,,,,,,,,,,,,,,,,,,,,,,,
Region and country of birth,Total,Alabama,Alaska,Arizona,Arkansas,California,Colorado,Connecticut,Delaware,District of Columbia,Florida,Georgia,Guam,Hawaii,Idaho,Illinois,Indiana,Iowa,Kansas,Kentucky,Louisiana,Maine,Maryland,Massachusetts,Michigan,Minnesota,Mississippi,Missouri,Montana,Nebraska,Nevada,New Hampshire,New Jersey,New Mexico,New York,North Carolina,North Dakota,Ohio,Oklahoma,Oregon,Pennsylvania,Puerto Rico,Rhode Island,South Carolina,South Dakota,Tennessee,Texas,U.S. Armed Services Posts,U.S. Territories1,Utah,Vermont,Virginia,Washington,West Virginia,Wisconsin,Wyoming,Unknown,
REGION,,,,,,,,,,,,,,,,,,,,,,,,,,,,,,,,,,,,,,,,,,,,,,,,,,,,,,,,,,
Total," 730,259 "," 2,834 ", 964 ," 13,748 "," 1,576 "," 155,979 "," 9,423 "," 9,838 "," 1,633 "," 1,684 "," 81,960 "," 20,794 ", 712 ," 3,698 "," 1,427 "," 25,722 "," 4,686 "," 2,574 "," 2,830 "," 2,846 "," 2,956 "," 1,102 "," 18,390 "," 23,554 "," 12,473 "," 7,533 ", 946 ," 4,318 ", 249 ," 2,221 "," 7,900 "," 1,570 "," 34,857 "," 2,452 "," 90,368 "," 11,569 ", 561 ," 9,580 "," 3,858 "," 6,130 "," 16,554 "," 2,826 "," 2,728 "," 4,611 ", 542 ," 5,381 "," 65,467 ", 161 , 734 ," 4,838 ", 570 ," 18,391 "," 14,341 ", 501 ," 3,738 ", 257 ," 1,104 ",
Africa," 71,492 ", 393 , 72 , 998 , 101 ," 5,378 "," 1,331 ", 716 , 392 , 650 ," 2,034 "," 3,794 ", D , 53 , 125 ," 2,209 ", 697 , 582 , 418 , 498 , 230 , 296 ," 6,150 "," 3,843 ", 746 ," 2,973 ", 86 , 706 , 16 , 496 , 589 , 141 ," 3,405 ", 73 ," 7,469 "," 1,827 ", 219 ," 2,390 ", 553 , 452 ," 2,611 ", 7 , 560 , 643 , 181 ," 1,100 "," 6,798 ", 23 , D , 310 , 128 ," 3,622 "," 1,762 ", 86 , 413 , 22 , 115 ,
Asia," 261,374 "," 1,307 ", 509 ," 4,043 ", 582 ," 74,514 "," 2,942 "," 2,477 ", 526 , 309 ," 8,280 "," 7,502 ", 676 ," 2,887 ", 460 ," 10,035 "," 2,104 ", 941 ," 1,181 "," 1,189 "," 1,298 ", 404 ," 6,124 "," 6,790 "," 7,831 "," 2,875 ", 451 ," 1,784 ", 72 , 810 ," 3,116 ", 684 ," 11,873 ", 488 ," 31,022 "," 4,314 ", 206 ," 4,365 "," 1,526 "," 2,269 "," 6,949 ", 50 , 455 ," 1,388 ", 202 ," 2,175 "," 20,928 ", 58 , 117 ," 1,447 ", 210 ," 8,094 "," 6,152 ", 225 ," 1,665 ", 75 , 418 ,
Europe," 78,074 ", 339 , 163 ," 1,209 ", 111 ," 10,715 "," 1,484 "," 2,223 ", 177 , 214 ," 6,511 "," 2,151 ", 16 , 248 , 244 ," 6,282 ", 563 , 378 , 212 , 427 , 234 , 189 ," 1,270 "," 3,806 "," 2,281 ", 640 , 71 , 937 , 83 , 140 , 757 , 348 ," 4,290 ", 173 ," 11,057 "," 1,403 ", 62 ," 1,389 ", 256 ," 1,221 "," 2,688 ", 61 , 286 , 686 , 74 , 593 ," 3,276 ", 19 , 12 , 410 , 111 ," 1,717 "," 3,003 ", 63 , 608 , 46 , 147 ,
North America," 247,492 ", 601 , 140 ," 6,964 ", 707 ," 58,527 "," 2,992 "," 2,601 ", 436 , 345 ," 45,353 "," 5,137 ", D , 186 , 520 ," 6,100 "," 1,066 ", 587 , 890 , 586 , 949 , 168 ," 3,425 "," 6,134 "," 1,323 ", 749 , 272 , 681 , 60 , 703 ," 2,939 ", 264 ," 8,891 "," 1,608 "," 29,217 "," 2,916 ", 60 , 994 ," 1,253 "," 1,871 "," 3,356 "," 2,334 "," 1,170 "," 1,234 ", 62 ," 1,185 "," 30,553 ", D , 586 ," 1,632 ", 88 ," 2,947 "," 2,760 ", 87 , 867 , 97 , 282 ,
Oceania," 3,811 ", D , 46 , 59 , 9 ," 1,374 ", 115 , D , 3 , D , D , 97 , 8 , 193 , 18 , 73 , D , 6 , 15 , 7 , 13 , 6 , D , 45 , 34 , D , D , D , 3 , 3 , 62 , 5 , D , 17 , 184 , 51 , D , 37 , 39 , D , D , D , 3 , 67 , D , 20 , 166 , 15 , D , 173 , D , 62 , D , D , 15 , 3 , 57 ,
South America," 67,927 ", 182 , 34 , 472 , 66 ," 5,466 ", 559 ," 1,795 ", 99 , 154 ," 19,665 "," 2,107 ", 3 , 131 , 60 ," 1,018 ", 234 , 80 , 114 , 139 , 228 , 39 ," 1,378 "," 2,933 ", 249 , 271 , 62 , 189 , 15 , 69 , 437 , 128 ," 6,343 ", 93 ," 11,412 "," 1,058 ", D , 391 , 231 , 217 , 909 , 371 , 254 , 593 , D , 308 ," 3,742 ", D , 13 , 866 , D ," 1,946 ", 427 , D , 170 , 14 , 78 ,
Unknown, 89 , D , - , 3 , - , 5 , - , D , - , D , D , 6 , - , - , - , 5 , D , - , - , - , 4 , - , D , 3 , 9 , D , D , D , - , - , - , - , D , - , 7 , - , - , 14 , - , D , D , D , - , - , - , - , 4 , - , - , - , - , 3 , D , - , - , - , 7 ,
COUNTRY,,,,,,,,,,,,,,,,,,,,,,,,,,,,,,,,,,,,,,,,,,,,,,,,,,,,,,,,,,
Total," 730,259 "," 2,834 ", 964 ," 13,748 "," 1,576 "," 155,979 "," 9,423 "," 9,838 "," 1,633 "," 1,684 "," 81,960 "," 20,794 ", 712 ," 3,698 "," 1,427 "," 25,722 "," 4,686 "," 2,574 "," 2,830 "," 2,846 "," 2,956 "," 1,102 "," 18,390 "," 23,554 "," 12,473 "," 7,533 ", 946 ," 4,318 ", 249 ," 2,221 "," 7,900 "," 1,570 "," 34,857 "," 2,452 "," 90,368 "," 11,569 ", 561 ," 9,580 "," 3,858 "," 6,130 "," 16,554 "," 2,826 "," 2,728 "," 4,611 ", 542 ," 5,381 "," 65,467 ", 161 , 734 ," 4,838 ", 570 ," 18,391 "," 14,341 ", 501 ," 3,738 ", 257 ," 1,104 ",
Afghanistan," 1,589 ", D , - , 43 , - , 563 , 24 , 19 , 4 , - , 18 , 57 , - , D , 19 , 20 , 4 , - , D , 4 , 4 , 6 , 38 , 8 , 9 , 4 , D , 14 , - , 6 , 14 , D , 56 , 5 , 174 , 19 , D , 10 , 3 , 12 , 28 , - , D , 6 , - , 8 , 77 , - , - , 22 , - , 252 , 18 , - , 3 , - , 9 ,
Albania," 3,237 ", D , 3 , 27 , 5 , 66 , 13 , 248 , D , 5 , 263 , 8 , - , D , 3 , 170 , 8 , D , 7 , D , D , D , 24 , 425 , 429 , 5 , 3 , 33 , D , D , 13 , 14 , 166 , - , 809 , 9 , - , 91 , 5 , D , 198 , - , - , 15 , D , 10 , 45 , - , - , 6 , D , 43 , 13 , D , 35 , - , 3 ,
Algeria, 943 , - , D , 3 , - , 182 , 8 , 6 , - , 5 , 40 , 26 , - , - , - , 61 , 8 , D , 10 , D , 8 , - , 13 , 65 , 19 , 6 , - , D , - , - , D , D , 53 , - , 161 , 18 , - , 38 , D , 3 , 79 , - , D , 3 , - , 4 , 58 , - , - , D , D , 38 , 7 , D , 3 , - , 1 ,
American Samoa, 296 , - , 13 , - , - , 38 , 5 , - , - , - , D , 11 , - , 38 , D , D , - , - , D , - , - , - , - , - , - , - , - , D , - , - , D , - , - , D , 3 , 8 , - , - , 12 , 5 , D , - , - , 29 , - , D , 5 , 11 , - , 22 , - , 11 , 28 , - , - , - , 45 ,
Angola, 132 , - , - , 3 , - , 5 , D , D , - , D , 7 , 9 , - , - , - , D , - , D , - , - , - , - , 3 , 32 , - , D , - , - , - , D , - , - , 8 , - , 9 , 6 , - , D , D , - , 3 , - , 4 , D , - , - , 22 , - , - , - , - , 3 , D , - , D , - , - ,
Anguilla, 31 , - , - , - , - , D , - , - , - , - , 10 , D , - , - , - , D , - , - , - , - , - , - , - , - , - , - , - , - , - , - , - , - , - , - , D , D , - , D , - , - , - , - , - , - , - , - , D , - , 10 , - , - , D , - , - , - , - , - ,
Antigua-Barbuda, 381 , D , - , D , - , 7 , D , 9 , D , D , 46 , 22 , - , - , - , 3 , D , - , D , - , - , - , 8 , 12 , D , - , - , - , - , - , - , - , 21 , - , 156 , 9 , - , D , D , - , 8 , 6 , - , D , - , D , 11 , - , 43 , D , - , D , - , - , - , - , 1 ,
Argentina," 3,886 ", 3 , - , 48 , 3 , 537 , 53 , 50 , 4 , 15 ," 1,331 ", 80 , - , 23 , 8 , 85 , 14 , 4 , 9 , 6 , 14 , 4 , 80 , 51 , 20 , 25 , 5 , 13 , - , 4 , 50 , 4 , 200 , 7 , 373 , 49 , D , 25 , 17 , 31 , 49 , 34 , 4 , 25 , - , 14 , 247 , - , D , 98 , 4 , 106 , 38 , - , 17 , D , - ,
Armenia," 2,874 ", D , - , 7 , - ," 2,279 ", 14 , 10 , - , 4 , 27 , 11 , - , - , D , 16 , D , D , - , 6 , - , - , 29 , 63 , 5 , - , - , 5 , - , - , 53 , D , 42 , D , 157 , 4 , - , 18 , D , D , 19 , - , 6 , 7 , - , 6 , 24 , - , - , 7 , - , 19 , 21 , - , 3 , - , 2 ,
Aruba, 37 , - , - , - , - , - , - , - , - , - , 10 , 3 , - , - , - , D , - , - , - , - , D , - , - , D , D , - , - , - , - , - , D , - , D , - , 9 , - , - , - , D , - , - , D , - , - , - , - , 3 , - , D , D , - , - , - , - , - , - , - ,
Australia," 1,379 ", 8 , 6 , 30 , 6 , 319 , 69 , 16 , D , 10 , 62 , 45 , D , 21 , 5 , 48 , 15 , 6 , 6 , 3 , 9 , 3 , 23 , 34 , 25 , 13 , D , 10 , 3 , D , 25 , 4 , 41 , 7 , 143 , 28 , - , 16 , 8 , 31 , 22 , D , D , 11 , D , 12 , 88 , - , D , 23 , D , 33 , 61 , D , 9 , D , 3 ,
Austria, 207 , D , - , 5 , - , 52 , 8 , D , D , - , 20 , 6 , - , - , - , 4 , D , - , D , - , D , D , 4 , 11 , 3 , 3 , - , D , - , D , D , D , 11 , D , 18 , 5 , - , D , - , D , 4 , - , - , D , - , 4 , 10 , - , - , 6 , - , 5 , 4 , D , - , - , - ,
Azerbaijan, 568 , D , - , 3 , D , 185 , 4 , 6 , - , - , 26 , 9 , - , - , D , 11 , D , - , D , 6 , - , 8 , 12 , 18 , 12 , D , - , 5 , - , D , D , D , 13 , - , 126 , D , - , 15 , D , 5 , 16 , - , D , D , - , 5 , 26 , - , - , 4 , - , 6 , 28 , - , D , - , - ,
Bahamas, 570 , 5 , - , 3 , - , 15 , 3 , D , D , D , 336 , 53 , - , - , - , 11 , D , D , D , - , 5 , - , 15 , 6 , D , D , - , D , - , D , D , - , 10 , D , 25 , 10 , - , D , 5 , D , 4 , - , D , 3 , - , 3 , 21 , - , D , - , - , 8 , D , - , D , - , - ,
Bahrain, 79 , D , - , - , - , 10 , D , - , - , - , 10 , 5 , - , D , - , 6 , D , - , - , - , - , - , D , D , 4 , - , - , - , - , D , D , - , 11 , - , 3 , D , - , - , 3 , D , D , - , - , D , - , - , 7 , - , - , D , - , D , - , - , D , - , - ,
Bangladesh," 9,750 ", 32 , 3 , 70 , 8 , 534 , 12 , 178 , 14 , 13 , 455 , 283 , - , 3 , D , 78 , 19 , 6 , 26 , 9 , 39 , 3 , 195 , 184 , 546 , 21 , D , 34 , - , D , 24 , 5 , 624 , 3 ," 4,825 ", 52 , 3 , 101 , 49 , 14 , 340 , - , 4 , 14 , - , 35 , 498 , D , D , 7 , D , 301 , 50 , D , 15 , - , 9 ,
Barbados, 646 , D , D , 5 , - , 20 , 4 , 11 , 3 , 3 , 71 , 23 , - , - , - , 9 , - , - , - , D , D , D , 16 , 71 , D , - , - , D , - , - , 4 , - , 29 , - , 281 , 13 , - , 5 , D , - , 22 , - , - , D , - , D , 27 , D , D , D , - , 10 , D , D , - , - , 1 ,
Belarus," 1,710 ", 8 , - , 6 , - , 269 , 44 , 52 , 13 , D , 112 , 32 , - , - , 3 , 89 , 6 , D , D , 3 , D , 4 , 21 , 102 , 12 , 56 , - , 8 , D , D , 4 , 3 , 74 , 4 , 357 , 21 , - , 39 , D , 33 , 108 , - , D , 23 , D , 6 , 31 , D , - , D , - , 49 , 86 , - , 11 , D , 2 ,
Belgium, 505 , D , 3 , 13 , - , 84 , 11 , 10 , D , 4 , 52 , 23 , - , D , D , 14 , 6 , - , D , - , 3 , 3 , 14 , 15 , 26 , D , - , 4 , D , D , 4 , - , 18 , - , 64 , 10 , - , 6 , D , 5 , 10 , - , - , D , D , 3 , 44 , - , - , 4 , 3 , 18 , 9 , D , D , - , 2 ,
Belize, 851 , D , - , 7 , D , 319 , D , D , - , - , 64 , 14 , - , - , - , 90 , 3 , D , D , 3 , 9 , - , 3 , 3 , 5 , 3 , 3 , 5 , - , - , 17 , - , 19 , D , 125 , 9 , - , 3 , 7 , 6 , 7 , D , - , 7 , - , 9 , 84 , - , - , - , - , 10 , D , D , 3 , - , - ,
Benin, 310 , D , - , D , 4 , 3 , 9 , D , - , 6 , 3 , 21 , - , - , - , 25 , 16 , D , D , - , D , - , 31 , 12 , D , 7 , - , D , - , 10 , 4 , - , 3 , - , 44 , 10 , - , 9 , 6 , D , 18 , - , - , 11 , - , 3 , 17 , D , - , D , - , 22 , - , - , D , - , - ,
Bermuda, 66 , D , - , D , - , 3 , D , D , - , - , 13 , 12 , - , - , - , - , D , - , - , - , - , - , 4 , 4 , - , - , D , D , - , - , - , - , 4 , - , 7 , 3 , - , - , - , D , - , - , D , - , - , D , - , - , - , - , - , D , D , - , - , - , - ,
Bhutan," 4,562 ", - , 6 , 124 , - , 78 , 201 , D , - , - , D , 289 , - , - , 46 , 118 , - , 90 , 37 , 133 , - , - , 77 , 135 , 69 , 91 , - , 56 , - , 13 , 8 , 165 , D , 5 , 394 , 109 , 60 , 676 , - , 54 , 607 , - , 20 , - , 48 , 48 , 323 , - , - , 166 , 87 , 103 , 115 , - , 5 , - , 1 ,
Bolivia," 1,689 ", 4 , - , 9 , - , 173 , 17 , 20 , D , 12 , 264 , 16 , - , D , - , 20 , D , 5 , D , 5 , 4 , D , 139 , 26 , 5 , 3 , D , 4 , - , - , 8 , D , 59 , D , 122 , 9 , - , 3 , 5 , 4 , 6 , 7 , 42 , 17 , - , 4 , 92 , D , - , 34 , - , 520 , 9 , - , 5 , D , 3 ,
Bosnia-Herzegovina," 3,304 ", 4 , - , 134 , - , 109 , 41 , 131 , D , - , 233 , 231 , - , D , 49 , 198 , 70 , 202 , D , 149 , 13 , 3 , 17 , 33 , 157 , 30 , 3 , 425 , - , 21 , 34 , 46 , 33 , - , 215 , 37 , 26 , 73 , - , 31 , 122 , - , D , 4 , 3 , 23 , 137 , - , - , 49 , 15 , 90 , 57 , D , 48 , - , 1 ,
Botswana, 28 , - , - , D , - , 3 , - , D , - , - , 4 , 3 , - , - , - , D , - , - , - , - , - , - , D , D , - , D , - , - , - , - , - , - , D , - , D , - , - , D , D , - , - , - , - , - , - , - , D , - , - , - , - , 3 , - , - , - , - , - ,
Brazil," 10,516 ", 50 , 7 , 74 , 17 ," 1,110 ", 105 , 447 , 8 , 21 ," 2,522 ", 420 , D , 46 , 15 , 146 , 39 , 19 , 32 , 26 , 42 , 12 , 174 ," 1,767 ", 80 , 44 , 14 , 45 , 5 , 12 , 90 , 59 , 719 , 13 , 753 , 137 , D , 68 , 30 , 41 , 130 , 14 , 31 , 89 , 8 , 55 , 486 , D , D , 149 , 11 , 170 , 106 , 6 , 28 , 4 , 13 ,
British Virgin Islands, 59 , - , - , - , - , D , - , D , - , - , 12 , 9 , - , - , - , - , - , - , - , - , - , - , D , D , D , - , - , - , - , - , - , - , D , - , 11 , - , - , - , - , - , D , - , - , D , - , - , D , - , 13 , - , - , D , D , - , - , - , - ,
Brunei, 13 , - , - , - , - , 4 , - , - , - , - , - , - , - , - , - , - , - , - , - , - , - , - , D , - , - , - , - , - , - , - , - , - , D , - , D , D , - , - , - , D , - , - , - , - , - , - , D , - , - , - , - , D , - , - , - , - , - ,
Bulgaria," 2,336 ", 6 , 4 , 41 , 5 , 298 , 56 , 18 , 17 , 8 , 152 , 89 , - , 11 , D , 444 , 18 , 11 , 5 , 12 , 8 , 14 , 55 , 130 , 48 , 15 , D , 26 , D , D , 101 , 8 , 105 , 5 , 179 , 32 , D , 33 , 9 , 12 , 72 , - , 5 , 29 , - , 15 , 80 , - , - , 8 , D , 74 , 53 , - , 14 , - , 2 ,
Burkina Faso, 307 , D , - , D , D , 5 , D , D , - , - , 4 , 17 , - , - , - , 10 , 4 , D , - , D , 6 , - , 22 , D , D , D , - , 3 , - , 7 , D , D , 23 , D , 88 , 4 , D , 8 , 5 , 4 , 18 , - , 3 , 12 , - , - , 14 , - , - , D , D , 16 , 6 , D , 3 , - , 1 ,
Burma," 6,045 ", 9 , - , 122 , 4 , 494 , 98 , 31 , 4 , 4 , 134 , 182 , - , 9 , 19 , 184 , 661 , 175 , 88 , 72 , 22 , 3 , 249 , 48 , 84 , 475 , D , 82 , D , 184 , 18 , 4 , 45 , 5 , 726 , 294 , - , 115 , 142 , 65 , 112 , - , 4 , 25 , 51 , 92 , 480 , D , - , 120 , 15 , 71 , 97 , 7 , 112 , - , 3 ,
Burundi, 437 , 4 , - , 29 , - , 10 , 3 , 5 , - , D , 6 , 4 , - , - , 22 , 16 , D , 28 , D , 25 , - , 9 , 13 , 14 , 4 , - , - , 10 , - , 5 , D , 8 , D , D , 29 , 6 , 14 , 9 , D , D , 8 , - , 4 , 4 , 9 , 22 , 64 , - , - , 11 , 5 , 15 , 10 , D , - , - , 1 ,
Cambodia," 2,878 ", 8 , 3 , 34 , 20 , 888 , 36 , 36 , D , 7 , 71 , 83 , - , 11 , 3 , 35 , 11 , 15 , 20 , 40 , 19 , 22 , 30 , 364 , 22 , 106 , 9 , 6 , - , - , 21 , 10 , 14 , D , 55 , 43 , D , 39 , 11 , 30 , 154 , - , 60 , 17 , - , 18 , 179 , - , - , 25 , - , 65 , 216 , D , 14 , - , 2 ,
Cameroon," 3,170 ", 14 , 9 , 36 , 7 , 140 , 14 , 9 , 31 , 55 , 58 , 181 , D , - , D , 83 , 5 , 9 , 15 , 20 , 16 , D ," 1,036 ", 135 , 49 , 113 , 3 , 20 , - , 10 , 18 , 4 , 52 , 5 , 112 , 43 , 3 , 100 , 51 , 6 , 57 , - , 3 , 55 , D , 9 , 413 , 3 , - , 10 , - , 102 , 14 , 8 , 23 , D , 4 ,
Canada," 9,492 ", 60 , 30 , 350 , 23 ," 1,358 ", 275 , 150 , 14 , 23 ," 1,030 ", 338 , D , 58 , 45 , 253 , 88 , 28 , 33 , 38 , 39 , 84 , 112 , 389 , 401 , 98 , 13 , 63 , 34 , 22 , 119 , 97 , 217 , 30 , 665 , 324 , 17 , 180 , 35 , 162 , 217 , D , 27 , 117 , D , 116 , 733 , - , 5 , 115 , 48 , 184 , 492 , 15 , 90 , 15 , 18 ,
Cape Verde," 1,054 ", - , - , - , - , 6 , D , 19 , - , D , 10 , 3 , - , D , - , D , - , - , - , - , - , D , D , 786 , - , - , - , D , - , - , - , - , 9 , - , 5 , - , - , D , D , - , D , - , 197 , D , - , D , D , - , - , D , - , D , - , - , - , - , - ,
Cayman Islands, 30 , - , - , - , - , D , D , - , - , - , 11 , D , - , - , - , - , D , - , D , - , - , - , - , - , - , - , - , - , - , - , - , - , D , - , 6 , - , - , - , D , - , - , - , - , - , - , - , 3 , - , - , D , - , D , - , - , - , - , - ,
Central African Republic, 52 , - , - , 7 , - , D , 4 , - , - , D , D , D , - , - , - , - , - , - , - , - , D , 5 , 6 , D , D , - , - , - , - , - , - , - , - , - , 4 , D , - , 6 , - , - , - , - , - , - , - , D , D , - , - , D , - , 3 , D , - , - , - , 1 ,
Chad, 84 , - , - , 3 , - , 3 , D , D , D , - , D , - , - , - , - , D , 10 , - , - , D , - , - , 11 , - , - , - , - , D , - , D , - , - , 8 , - , 15 , D , - , - , D , D , 3 , - , - , - , - , - , 7 , - , - , - , - , 7 , - , - , - , - , - ,
Chile," 1,486 ", 4 , D , 19 , D , 195 , 32 , 28 , D , 5 , 366 , 43 , - , 3 , - , 24 , 7 , 6 , D , - , 3 , D , 50 , 44 , 6 , 11 , D , 3 , D , D , 15 , D , 82 , 5 , 162 , 34 , D , 11 , D , 18 , 46 , 13 , 3 , 9 , D , 8 , 78 , - , - , 55 , D , 35 , 35 , D , 5 , - , 2 ,
"China, People's Republic"," 31,241 ", 112 , 20 , 242 , 45 ," 8,890 ", 302 , 292 , 56 , 34 , 673 , 591 , 29 , 253 , 38 , 828 , 156 , 64 , 84 , 74 , 108 , 25 , 680 ," 1,322 ", 328 , 211 , 64 , 174 , 10 , 33 , 331 , 42 , 840 , 41 ," 8,795 ", 385 , 16 , 390 , 115 , 302 , 909 , 20 , 60 , 189 , 9 , 179 ," 1,434 ", 5 , 8 , 94 , 16 , 477 , 609 , 33 , 168 , 6 , 30 ,
Colombia," 17,207 ", 55 , 6 , 109 , 16 , 994 , 98 , 348 , 22 , 40 ," 6,466 ", 681 , - , 15 , 7 , 259 , 56 , 15 , 14 , 27 , 55 , 7 , 232 , 522 , 44 , 32 , 16 , 40 , 6 , 22 , 92 , 35 ," 1,746 ", 16 ," 2,200 ", 326 , D , 81 , 49 , 33 , 249 , 116 , 126 , 224 , 4 , 84 ," 1,102 ", 5 , D , 87 , 4 , 264 , 77 , 7 , 44 , D , 26 ,
Comoros, D , - , - , - , - , - , - , - , - , - , - , - , - , - , - , - , - , - , D , - , - , - , - , - , - , D , - , - , - , - , - , - , - , - , - , - , - , - , - , - , - , - , - , - , - , - , D , - , - , - , - , - , - , - , - , - , - ,
"Congo, Democratic Republic"," 1,490 ", 8 , D , 49 , - , 61 , 41 , 26 , - , 5 , 25 , 80 , - , D , 19 , 120 , 8 , 38 , 5 , 67 , 5 , 20 , 88 , 69 , 8 , 18 , - , 28 , - , 5 , 4 , 15 , 5 , 3 , 98 , 114 , 11 , 29 , 4 , 13 , 36 , - , D , 5 , 13 , 14 , 215 , D , - , 16 , 6 , 45 , 35 , D , 7 , - , 2 ,
"Congo, Republic", 473 , 3 , 4 , 32 , - , 14 , 18 , 8 , - , D , 11 , 11 , - , - , 6 , 25 , 4 , 7 , 3 , 7 , 3 , 4 , 14 , 17 , 8 , D , - , 8 , - , 16 , 5 , - , 8 , D , 53 , 27 , 8 , 13 , 6 , - , 14 , - , D , D , D , 14 , 55 , - , - , 8 , 5 , 10 , 12 , - , D , D , 1 ,
Cook Islands, D , - , - , - , - , D , D , - , - , - , - , - , - , - , - , - , - , - , - , - , - , - , - , - , - , - , - , - , - , - , - , - , - , - , - , - , - , D , - , - , - , - , - , - , - , - , - , - , - , - , - , - , - , - , - , - , - ,
Costa Rica," 1,633 ", 8 , - , 22 , 3 , 178 , 18 , 35 , 3 , 7 , 317 , 64 , - , 3 , D , 23 , 7 , D , D , 4 , 10 , 3 , 23 , 44 , 10 , D , D , D , - , D , 11 , D , 290 , 3 , 138 , 85 , - , 14 , 6 , 9 , 36 , 7 , D , 33 , D , 21 , 106 , - , - , 13 , 3 , 35 , 18 , - , 7 , - , 1 ,
Cote d'Ivoire," 1,078 ", 6 , - , 12 , D , 46 , 14 , 14 , 7 , 3 , 18 , 74 , - , D , - , 23 , 12 , 4 , D , - , 3 , D , 104 , 29 , 13 , 22 , - , 3 , - , 5 , D , - , 49 , - , 300 , 28 , D , 42 , 5 , D , 49 , - , 6 , 22 , D , 8 , 70 , 3 , - , 4 , D , 39 , 16 , 3 , 7 , - , 2 ,
Croatia, 563 , D , - , 25 , - , 61 , 8 , 6 , 4 , D , 51 , 22 , - , D , D , 46 , 12 , 9 , 4 , 3 , D , 5 , 10 , 13 , 10 , 5 , - , 13 , - , D , 14 , 3 , 23 , D , 63 , 11 , - , 44 , D , 3 , 12 , - , - , D , D , 6 , 26 , - , - , 10 , - , 7 , 4 , - , 16 , D , - ,
Cuba," 25,770 ", 18 , D , 133 , 5 , 288 , 27 , 32 , 4 , 6 ," 21,758 ", 197 , - , 7 , D , 87 , 13 , 10 , 11 , 222 , 82 , D , 27 , 37 , 49 , 13 , 10 , 49 , D , 62 , 412 , 4 , 421 , 52 , 307 , 110 , 3 , 23 , 15 , 88 , 113 , 143 , 6 , 57 , - , 68 , 633 , - , D , 12 , - , 84 , 38 , - , 19 , D , 7 ,
Curacao, 17 , - , - , - , - , D , - , - , - , - , 3 , - , - , - , - , - , - , - , - , - , - , D , 3 , - , - , - , D , - , - , - , - , - , - , - , 4 , - , - , - , - , - , D , - , - , - , - , - , D , - , - , - , - , D , - , - , - , - , - ,
Cyprus, 107 , D , - , 3 , - , 18 , D , D , - , D , 9 , 3 , - , - , - , - , - , - , D , - , - , - , D , 10 , 4 , D , D , D , - , - , D , D , D , - , 28 , D , - , D , D , - , 4 , - , D , D , - , D , D , - , - , - , - , D , 4 , - , - , - , - ,
Czech Republic, 733 , 9 , 4 , 11 , 3 , 107 , 32 , 12 , D , 3 , 119 , 18 , - , D , - , 77 , 4 , D , D , 5 , 3 , D , 14 , 28 , 8 , 7 , D , 4 , D , D , 5 , D , 17 , D , 71 , 29 , - , 15 , 8 , 5 , 22 , - , D , 6 , - , 7 , 12 , - , - , 5 , D , 12 , 26 , D , 3 , D , 1 ,
Czechoslovakia (former), 371 , 5 , - , 11 , D , 49 , 28 , 4 , D , D , 44 , 8 , D , D , - , 20 , 6 , D , D , D , - , D , 8 , 9 , 4 , 3 , D , 3 , D , D , D , D , 18 , 3 , 45 , 12 , - , 4 , D , 4 , 8 , - , - , 4 , - , 7 , 16 , - , - , D , D , 3 , 13 , D , 3 , D , 2 ,
Denmark, 243 , D , - , 8 , D , 46 , 3 , 9 , - , D , 23 , 16 , - , D , D , 5 , - , D , - , - , D , D , 13 , 6 , 4 , D , - , D , D , - , - , D , 11 , - , 25 , 6 , - , 4 , - , 5 , 8 , - , D , D , - , 8 , 10 , D , - , D , - , 6 , 4 , - , D , - , - ,
Djibouti, 26 , - , - , - , - , D , - , - , - , - , - , - , - , - , - , 3 , - , - , - , - , - , D , D , D , D , 3 , - , - , - , - , - , - , - , - , D , - , - , - , - , - , - , - , - , - , D , - , D , - , - , - , - , 3 , 4 , - , D , - , - ,
Dominica, 653 , D , D , D , D , 10 , - , 11 , - , - , 97 , 31 , - , - , - , 6 , D , - , - , D , D , - , 13 , 31 , D , D , D , 4 , - , - , D , 3 , 52 , - , 157 , 10 , - , 4 , 4 , - , 10 , D , D , 8 , - , D , 48 , - , 124 , D , - , 5 , D , D , D , - , 1 ,
Dominican Republic," 26,665 ", 12 , 27 , 38 , 9 , 114 , 22 , 439 , 36 , 41 ," 2,537 ", 224 , - , D , - , 81 , 31 , 5 , 7 , 12 , 81 , 10 , 240 ," 2,284 ", 55 , 15 , 9 , 23 , - , 7 , 30 , 72 ," 3,669 ", 4 ," 11,463 ", 239 , D , 105 , 17 , 7 ," 1,271 "," 2,017 ", 696 , 65 , - , 32 , 201 , 3 , 180 , 38 , 3 , 115 , 19 , 7 , 29 , D , 18 ,
East Timor, D , - , - , - , - , - , - , - , - , - , - , - , - , - , - , - , - , - , - , - , - , - , D , - , - , - , - , - , - , - , - , - , - , - , - , - , - , - , - , - , - , - , - , - , - , - , - , - , - , - , - , - , - , - , - , - , - ,
Ecuador," 7,664 ", 12 , D , 42 , 4 , 391 , 26 , 362 , 19 , 4 ," 1,164 ", 101 , - , 7 , 3 , 210 , 17 , 7 , 10 , 14 , 25 , 4 , 103 , 98 , 12 , 58 , 4 , 18 , - , 6 , 31 , 7 ," 1,365 ", 9 ," 2,716 ", 139 , D , 28 , 11 , 11 , 121 , 18 , 11 , 52 , - , 13 , 199 , 3 , - , 58 , - , 102 , 25 , 4 , 7 , D , 8 ,
Egypt," 5,693 ", 15 , D , 43 , 7 , 990 , 23 , 50 , 16 , 13 , 309 , 55 , - , 5 , D , 135 , 32 , 7 , 7 , 14 , 21 , D , 73 , 193 , 67 , 64 , 8 , 17 , D , 5 , 9 , 12 ," 1,031 ", 4 , 848 , 117 , - , 100 , 7 , 37 , 247 , D , 7 , 34 , D , 355 , 276 , - , - , 8 , 9 , 315 , 60 , 11 , 22 , - , 7 ,
El Salvador," 16,930 ", 18 , 9 , 123 , 128 ," 6,603 ", 116 , 62 , 13 , 141 , 573 , 294 , D , 5 , 5 , 81 , 48 , 63 , 50 , 22 , 42 , 4 ," 1,149 ", 467 , 23 , 58 , 9 , 47 , D , 75 , 284 , 6 , 417 , 14 ," 1,294 ", 263 , D , 37 , 32 , 63 , 73 , 20 , 38 , 48 , 8 , 69 ," 2,689 ", D , D , 129 , - ," 1,030 ", 129 , 7 , 22 , 3 , 21 ,
Equatorial Guinea, 14 , - , - , 3 , D , D , - , - , - , - , - , D , - , - , - , - , - , - , - , - , - , - , D , - , - , - , - , - , - , - , - , - , - , - , D , - , - , - , - , - , - , - , 4 , - , - , D , - , - , - , - , - , - , - , - , - , - , - ,
Eritrea," 1,494 ", 5 , - , 44 , - , 276 , 47 , 3 , 3 , 28 , 12 , 80 , - , - , 5 , 39 , 21 , 21 , 3 , 12 , 5 , D , 98 , 32 , 5 , 47 , - , 20 , - , 6 , 50 , - , 9 , D , 38 , 29 , 3 , 59 , 12 , 14 , 23 , - , 5 , D , 16 , 13 , 174 , - , - , 14 , - , 100 , 115 , - , 3 , - , - ,
Estonia, 208 , - , - , 3 , - , 34 , 4 , 4 , - , - , 28 , 6 , - , D , D , 10 , 3 , D , - , - , - , D , D , 10 , D , 3 , - , D , - , D , D , - , 10 , - , 29 , D , - , 8 , - , 6 , 3 , - , - , D , D , - , 6 , - , - , - , D , 3 , 15 , - , 3 , - , - ,
Ethiopia," 8,312 ", 17 , 4 , 87 , D , 860 , 419 , 14 , 4 , 346 , 95 , 589 , - , D , 7 , 144 , 46 , 53 , 56 , 33 , 13 , 17 ," 1,054 ", 195 , 46 , 501 , 7 , 79 , D , 25 , 300 , D , 52 , 5 , 153 , 106 , 9 , 207 , 33 , 103 , 134 , - , 4 , 29 , 72 , 124 , 737 , D , D , 22 , D , 881 , 576 , 16 , 17 , - , 11 ,
Falkland Islands, D , - , - , - , - , - , - , - , - , - , - , - , - , - , - , - , - , - , - , - , - , - , - , - , - , - , - , - , - , - , - , - , - , - , - , - , D , - , - , - , - , - , - , - , - , - , - , - , - , - , - , - , - , - , - , - , - ,
Fiji, 850 , - , - , 3 , - , 646 , D , D , - , - , 8 , 3 , D , 8 , - , 7 , D , - , 3 , - , D , D , 4 , D , 3 , 4 , - , D , - , - , 4 , - , 3 , D , 3 , 4 , - , 6 , D , 29 , D , - , - , 4 , - , - , 8 , D , - , 6 , - , D , 76 , - , - , - , 1 ,
Finland, 301 , D , 4 , 7 , - , 76 , 3 , 4 , D , D , 31 , 17 , - , 3 , D , 6 , D , - , D , - , D , 3 , 5 , 8 , D , 4 , - , D , - , D , D , - , 3 , 5 , 18 , 10 , - , D , D , 6 , 3 , - , - , 4 , D , D , 29 , - , - , 5 , D , 11 , 8 , - , 3 , D , - ,
France," 2,784 ", 8 , - , 33 , - , 636 , 37 , 59 , 4 , 19 , 329 , 68 , D , 12 , 4 , 62 , 11 , 4 , 8 , 6 , 10 , 7 , 61 , 128 , 44 , 36 , 6 , 16 , D , 6 , 38 , 9 , 88 , 15 , 416 , 49 , D , 27 , 7 , 21 , 63 , 6 , 9 , 19 , D , 12 , 177 , - , 3 , 19 , 7 , 84 , 73 , D , 12 , D , 4 ,
French Polynesia, 14 , - , - , - , - , 4 , - , - , - , - , D , D , - , 4 , - , - , - , - , - , - , - , - , - , - , - , - , - , - , - , - , D , - , - , - , - , - , - , - , - , D , - , - , - , - , - , - , - , - , - , D , - , - , - , - , - , - , - ,
Gabon, 89 , - , - , D , - , 7 , - , D , - , D , D , 5 , - , - , - , D , D , - , - , D , - , - , 11 , - , D , D , - , D , - , - , D , D , D , - , 8 , 4 , - , 6 , D , - , - , - , 7 , - , - , - , 17 , - , - , D , - , D , D , D , - , D , - ,
Gambia, 685 , 8 , 5 , 5 , - , 12 , 5 , D , D , D , 9 , 79 , - , - , - , 6 , D , D , 3 , 7 , D , - , 49 , D , 14 , 18 , D , 3 , - , D , D , - , 9 , - , 162 , 44 , - , 24 , D , 4 , 16 , - , 19 , 8 , - , 17 , 39 , D , - , D , - , 15 , 61 , - , 23 , - , 2 ,
Georgia," 1,027 ", D , - , 4 , D , 156 , 11 , 16 , 3 , D , 41 , 23 , - , - , D , 29 , D , 4 , D , D , D , - , 34 , 10 , 4 , 3 , - , 3 , - , D , 7 , D , 113 , 3 , 395 , 13 , - , 13 , - , 7 , 47 , - , D , 6 , - , 3 , 19 , - , - , 4 , - , 19 , 19 , - , D , D , - ,
Germany," 4,380 ", 59 , 12 , 104 , 11 , 760 , 137 , 58 , 13 , 17 , 383 , 179 , - , 30 , 15 , 108 , 42 , 24 , 21 , 44 , 33 , 13 , 99 , 134 , 141 , 41 , 10 , 34 , 13 , 13 , 42 , 19 , 120 , 29 , 306 , 150 , 6 , 86 , 34 , 72 , 119 , D , 8 , 80 , 5 , 61 , 304 , 5 , 3 , 21 , 11 , 136 , 140 , 6 , 34 , D , 30 ,
Ghana," 6,033 ", 19 , D , 26 , 11 , 171 , 79 , 163 , 56 , 11 , 86 , 339 , - , 5 , 3 , 243 , 24 , 6 , 19 , 20 , 11 , D , 491 , 346 , 26 , 78 , 6 , 29 , D , 8 , 9 , 6 , 518 , 6 ," 1,366 ", 144 , 8 , 354 , 77 , 12 , 146 , - , 25 , 107 , - , 49 , 306 , 3 , - , 12 , 8 , 502 , 37 , 11 , 31 , D , 12 ,
Gibraltar, D , - , - , - , - , D , - , D , - , - , D , - , - , - , - , - , - , - , - , - , - , - , - , - , - , - , - , - , - , - , - , - , - , - , - , - , - , - , - , - , - , - , - , - , - , - , - , - , - , - , - , - , - , - , - , - , - ,
Greece, 867 , - , D , 11 , - , 94 , 12 , 36 , 5 , D , 67 , 10 , D , D , - , 67 , 14 , D , 4 , 3 , 3 , - , 27 , 74 , 24 , 3 , - , D , - , D , 7 , 14 , 44 , D , 178 , 7 , - , 29 , D , D , 33 , D , 6 , 5 , D , 5 , 30 , - , - , 3 , - , 20 , 8 , D , 5 , - , 3 ,
Grenada, 664 , - , - , D , - , 12 , D , 6 , D , - , 54 , 15 , - , - , - , 4 , 3 , - , D , 3 , D , D , 21 , 6 , 3 , - , - , - , - , - , - , - , 21 , - , 426 , 3 , - , 3 , D , D , 8 , D , - , 10 , - , D , 29 , D , 8 , - , D , 10 , D , - , - , - , 1 ,
Guam, D , - , - , - , - , - , - , - , - , - , - , - , - , - , - , - , - , - , - , - , - , - , - , - , - , - , - , - , - , - , - , - , - , - , - , - , - , - , - , - , - , - , - , D , - , - , - , - , - , - , - , - , - , - , - , - , - ,
Guatemala," 9,344 ", 35 , 7 , 168 , 38 ," 3,932 ", 75 , 123 , 24 , 21 , 594 , 216 , - , 6 , 16 , 257 , 32 , 37 , 30 , 19 , 47 , 3 , 230 , 340 , 19 , 50 , 12 , 34 , D , 105 , 164 , 3 , 320 , 22 , 512 , 101 , D , 33 , 53 , 109 , 75 , 10 , 237 , 30 , 15 , 62 , 690 , - , - , 105 , 5 , 204 , 85 , D , 20 , 3 , 11 ,
Guinea, 999 , 5 , - , D , D , 11 , 6 , 11 , 3 , D , 5 , 63 , - , D , - , 15 , 21 , D , - , 3 , D , - , 84 , 30 , 16 , 12 , 3 , D , - , D , 3 , D , 21 , - , 466 , 12 , D , 47 , - , D , 62 , - , 6 , 7 , - , 9 , 29 , - , - , D , - , 21 , 9 , D , 3 , - , 1 ,
Guinea-Bissau, 29 , - , - , - , - , D , - , 3 , - , - , D , - , - , - , - , - , - , - , - , - , - , - , 5 , 6 , - , - , - , - , - , - , - , D , - , - , 5 , D , - , - , - , D , - , - , D , - , - , - , D , - , - , - , - , - , - , - , D , D , - ,
Guyana," 5,162 ", 9 , D , 13 , D , 50 , 14 , 101 , 14 , 12 , 450 , 144 , - , 3 , - , 31 , 5 , 3 , 3 , D , D , D , 135 , 39 , 9 , 54 , D , 7 , - , - , 8 , D , 388 , D ," 3,362 ", 26 , - , 29 , 7 , D , 77 , - , D , 40 , D , 16 , 54 , - , 7 , 3 , - , 21 , 5 , 4 , - , D , 3 ,
Haiti," 14,053 ", 16 , D , 27 , - , 81 , 15 , 324 , 80 , 6 ," 6,800 ", 268 , - , 3 , - , 100 , 17 , 3 , 7 , 24 , 41 , 7 , 170 ," 1,446 ", 21 , 8 , D , 27 , - , 5 , 11 , 13 , 984 , D ," 2,670 ", 61 , D , 37 , 23 , 11 , 357 , 9 , 57 , 79 , - , 20 , 65 , 4 , 25 , 16 , D , 69 , 15 , 3 , 5 , - , 17 ,
Honduras," 5,039 ", 13 , D , 28 , 20 , 680 , 40 , 43 , 9 , 13 ," 1,070 ", 147 , - , 5 , 3 , 82 , 34 , 17 , 20 , 8 , 205 , D , 129 , 119 , 18 , 20 , 10 , 29 , D , 17 , 40 , 7 , 262 , 4 , 592 , 145 , - , 36 , 31 , 14 , 43 , 12 , 14 , 55 , 3 , 57 , 681 , D , - , 24 , D , 178 , 33 , 3 , 12 , D , 7 ,
Hong Kong," 1,716 ", 7 , D , 19 , D , 676 , 11 , 16 , 3 , 4 , 43 , 20 , D , 31 , 3 , 41 , 4 , D , 5 , 3 , 11 , - , 44 , 90 , 14 , 12 , D , 6 , - , D , 25 , 3 , 61 , - , 253 , 17 , - , 11 , D , 15 , 31 , 3 , 3 , 4 , - , 7 , 105 , D , 3 , 7 , - , 22 , 67 , - , 5 , - , - ,
Hungary, 941 , 5 , D , 10 , D , 157 , 28 , 25 , D , D , 206 , 14 , - , 5 , - , 30 , 5 , D , - , D , 3 , D , 13 , 18 , 12 , 6 , D , 9 , D , D , 13 , D , 55 , 3 , 131 , 12 , D , 23 , D , 10 , 18 , - , D , 6 , - , 8 , 35 , D , - , 5 , - , 20 , 21 , - , 10 , D , 3 ,
Iceland, 88 , - , D , D , - , 11 , 5 , D , - , - , 12 , 5 , - , - , - , - , - , - , - , D , D , D , - , 6 , D , D , - , D , - , - , D , 3 , - , D , 5 , 3 , - , 5 , D , - , - , - , 3 , - , - , - , D , - , - , - , - , D , 4 , - , D , - , 3 ,
India," 42,213 ", 308 , 9 , 505 , 109 ," 9,351 ", 316 , 626 , 175 , 33 ," 1,323 "," 1,978 ", D , 21 , 21 ," 2,562 ", 406 , 99 , 209 , 165 , 167 , 27 ," 1,095 "," 1,289 "," 1,029 ", 316 , 105 , 265 , D , 59 , 159 , 128 ," 4,349 ", 48 ," 2,964 ", 911 , 25 , 869 , 206 , 271 ," 1,656 ", 3 , 48 , 261 , 12 , 438 ," 4,334 ", D , 6 , 103 , 18 ," 1,524 ", 938 , 31 , 294 , 10 , 34 ,
Indonesia," 1,743 ", 12 , 3 , 32 , 8 , 679 , 51 , 14 , D , 6 , 48 , 60 , D , 14 , 5 , 29 , 12 , 3 , 8 , 4 , 5 , D , 36 , 18 , 10 , 10 , 6 , 8 , - , 3 , 19 , 27 , 44 , D , 132 , 16 , D , 18 , 20 , 21 , 79 , - , 3 , 7 , D , 11 , 128 , D , - , 5 , - , 35 , 67 , D , 5 , 5 , 5 ,
Iran," 10,344 ", 19 , 4 , 150 , 4 ," 6,323 ", 78 , 40 , 7 , 21 , 221 , 228 , - , 8 , 12 , 169 , 23 , 5 , 26 , 25 , 11 , 10 , 331 , 153 , 55 , 25 , D , 16 , - , 11 , 115 , 7 , 96 , 15 , 329 , 60 , D , 75 , 60 , 80 , 64 , D , 4 , 23 , - , 80 , 755 , - , - , 53 , D , 323 , 172 , 14 , 29 , - , 9 ,
Iraq," 14,899 ", 36 , D , 862 , 12 ," 3,263 ", 215 , 78 , D , 6 , 275 , 200 , - , 8 , 109 , 958 , 67 , 91 , 50 , 167 , 46 , 153 , 140 , 411 ," 3,016 ", 121 , 4 , 205 , D , 126 , 59 , 51 , 84 , 50 , 439 , 200 , 33 , 260 , 30 , 128 , 240 , - , 8 , 38 , 22 , 340 ," 1,288 ", - , - , 145 , 8 , 487 , 244 , 7 , 91 , D , 22 ,
Ireland," 1,375 ", 6 , - , 14 , D , 190 , 17 , 33 , 4 , 3 , 76 , 33 , - , 3 , 4 , 54 , 4 , D , D , 11 , 4 , 5 , 21 , 226 , 17 , 9 , D , D , D , - , 9 , 11 , 69 , 4 , 315 , 12 , - , 7 , D , 12 , 55 , - , 3 , 7 , - , 12 , 51 , - , - , 7 , D , 22 , 29 , - , 4 , - , - ,
Israel," 3,182 ", 7 , D , 51 , D , 798 , 19 , 23 , 6 , 8 , 352 , 70 , D , 6 , D , 107 , 17 , 7 , 3 , 7 , 17 , D , 74 , 94 , 34 , 7 , D , 16 , - , D , 64 , 5 , 201 , 3 , 721 , 37 , D , 46 , 8 , 11 , 72 , 3 , D , 16 , - , 15 , 147 , - , D , 5 , 3 , 34 , 41 , - , 11 , - , 2 ,
Italy," 2,760 ", 16 , - , 28 , D , 426 , 23 , 69 , 8 , 18 , 333 , 48 , D , 10 , 4 , 101 , 8 , 3 , 7 , 6 , 3 , D , 58 , 150 , 89 , 6 , 3 , 10 , 4 , D , 21 , 6 , 205 , 10 , 568 , 42 , - , 51 , 6 , 10 , 124 , 4 , 16 , 17 , D , 17 , 89 , D , - , 13 , - , 63 , 32 , 3 , 10 , - , 11 ,
Jamaica," 16,566 ", 55 , 7 , 65 , D , 249 , 43 , 944 , 68 , 29 ," 4,446 ", 885 , - , 5 , D , 199 , 25 , 3 , 14 , 14 , 28 , 31 , 518 , 452 , 60 , 22 , 38 , 50 , D , 9 , 20 , 22 , 975 , 4 ," 5,646 ", 157 , D , 93 , 50 , 10 , 431 , - , 25 , 217 , D , 28 , 284 , D , 12 , 9 , 9 , 202 , 32 , 13 , 28 , D , 29 ,
Japan," 1,858 ", 12 , - , 41 , 4 , 644 , 18 , 19 , D , 7 , 40 , 53 , 11 , 166 , 4 , 43 , 11 , 6 , 5 , 6 , 5 , 4 , 37 , 42 , 25 , 7 , 5 , 10 , - , 3 , 39 , D , 47 , 4 , 186 , 29 , D , 30 , 6 , 25 , 21 , - , D , 5 , D , 20 , 49 , D , - , 20 , D , 56 , 69 , - , 4 , - , 10 ,
Jordan," 2,461 ", 27 , - , 32 , 6 , 353 , 23 , 25 , 5 , 4 , 137 , 26 , - , D , D , 272 , 27 , 4 , 18 , 14 , 70 , D , 22 , 47 , 128 , 16 , 8 , 33 , - , D , 9 , D , 137 , 14 , 144 , 79 , D , 158 , 13 , 11 , 65 , 7 , 3 , 16 , D , 46 , 271 , D , 7 , 12 , D , 88 , 25 , 9 , 31 , - , 6 ,
Kazakhstan, 819 , 4 , D , 5 , - , 138 , 18 , 3 , D , 4 , 44 , 13 , - , - , D , 22 , D , D , 3 , 3 , 3 , 5 , 21 , 37 , 6 , 17 , - , 10 , D , D , 7 , 3 , 30 , D , 132 , 19 , - , 19 , D , 31 , 36 , - , D , 7 , - , 6 , 41 , - , - , 3 , - , 30 , 74 , D , 8 , - , 2 ,
Kenya," 4,738 ", 114 , D , 69 , 8 , 352 , 62 , 18 , 90 , 5 , 102 , 336 , D , 4 , 10 , 76 , 62 , 57 , 123 , 26 , 17 , 22 , 266 , 346 , 41 , 282 , 5 , 96 , D , 28 , 21 , 19 , 200 , 5 , 140 , 158 , 15 , 98 , 83 , 26 , 138 , - , 7 , 61 , 6 , 44 , 691 , D , D , 16 , 9 , 109 , 221 , 4 , 29 , 6 , 7 ,
Kiribati, 5 , - , - , - , - , D , - , - , - , - , - , - , - , D , - , - , - , - , - , - , - , - , - , - , - , - , - , - , - , - , - , - , - , - , - , - , - , D , - , - , - , - , - , - , - , - , - , - , - , - , - , - , - , - , - , - , - ,
"Korea, North", 23 , - , - , D , - , 10 , D , - , - , D , - , D , - , D , - , D , - , - , - , D , - , - , D , - , - , - , - , - , - , - , - , - , - , - , D , - , - , - , - , - , - , - , - , - , - , D , D , - , - , - , - , D , - , - , - , - , - ,
"Korea, South"," 14,230 ", 147 , 28 , 119 , 24 ," 4,406 ", 223 , 80 , 27 , 19 , 223 , 831 , 56 , 194 , 14 , 505 , 76 , 16 , 24 , 24 , 34 , 5 , 516 , 258 , 181 , 53 , 13 , 69 , D , 13 , 117 , 9 ," 1,109 ", 13 ," 1,537 ", 176 , 10 , 144 , 93 , 108 , 383 , D , 11 , 119 , 8 , 99 , 795 , 6 , D , 65 , D , 728 , 441 , 6 , 24 , D , 45 ,
Kosovo, 547 , D , - , 11 , 4 , 5 , 3 , 42 , - , D , 23 , 15 , - , - , 4 , 32 , - , D , - , 11 , - , - , 3 , 8 , 31 , 3 , - , 4 , - , D , 9 , - , 31 , - , 197 , 9 , - , 3 , 5 , D , 22 , - , D , - , D , 12 , 30 , - , - , D , - , 13 , 3 , - , 3 , D , - ,
Kuwait, 819 , 12 , D , 16 , D , 103 , 16 , 10 , D , D , 55 , 26 , - , D , 3 , 41 , 8 , - , 4 , 12 , 20 , 11 , 12 , 21 , 25 , 11 , D , 8 , - , D , 10 , D , 27 , 3 , 59 , 27 , D , 40 , 4 , 9 , 17 , - , - , 3 , D , 17 , 112 , - , - , 8 , - , 25 , 14 , 4 , 9 , - , 2 ,
Kyrgyzstan, 418 , - , D , 3 , - , 64 , 9 , 5 , - , 3 , 13 , 6 , - , D , D , 13 , 4 , - , D , 6 , D , - , D , 20 , 3 , 4 , - , D , - , - , 3 , D , 7 , D , 97 , 6 , - , 8 , 4 , 19 , 23 , - , - , 5 , - , D , 10 , - , - , 5 , - , 12 , 47 , - , D , D , - ,
Laos," 2,042 ", 15 , 21 , 8 , 26 , 502 , 20 , 18 , D , - , 38 , 64 , - , 9 , 5 , 25 , 7 , 22 , 32 , D , 16 , - , 9 , 25 , 50 , 371 , - , 12 , - , 5 , 19 , 7 , 5 , D , 24 , 92 , - , 22 , 22 , 40 , 23 , - , 44 , 9 , - , 48 , 98 , - , - , 20 , - , 21 , 47 , - , 191 , D , 4 ,
Latvia, 392 , D , D , D , - , 66 , 12 , 13 , D , - , 36 , 13 , - , - , D , 28 , 3 , D , - , - , - , D , 11 , 15 , 9 , 3 , - , - , D , D , D , D , 21 , D , 60 , 4 , - , 7 , D , 4 , 11 , - , - , 4 , - , 3 , 16 , - , - , D , - , 17 , 12 , D , 5 , - , 1 ,
Lebanon," 2,463 ", 18 , - , 43 , 3 , 445 , 16 , 25 , D , 11 , 140 , 35 , - , - , 3 , 64 , 16 , D , 15 , 10 , 17 , 8 , 29 , 175 , 584 , 27 , 3 , 13 , D , D , 23 , 8 , 67 , D , 144 , 44 , 5 , 74 , 4 , 4 , 47 , 4 , 14 , 9 , - , 13 , 196 , - , - , D , - , 69 , 19 , 4 , 4 , - , - ,
Lesotho, 11 , D , - , - , - , - , D , - , D , - , D , - , - , - , - , - , - , - , - , - , - , - , D , - , - , - , - , - , - , - , - , - , - , - , D , - , - , - , - , - , - , - , - , - , - , - , D , - , - , D , - , D , - , - , - , - , - ,
Liberia," 3,042 ", 7 , D , 60 , D , 87 , 31 , 18 , 62 , 5 , 28 , 142 , - , - , 3 , 36 , 30 , 78 , 4 , 19 , 3 , 3 , 244 , 113 , 39 , 350 , - , 31 , - , 6 , 5 , 11 , 208 , D , 202 , 109 , 33 , 56 , 17 , 9 , 510 , - , 124 , 31 , 17 , 28 , 151 , - , - , 15 , D , 71 , 21 , 5 , 7 , - , 7 ,
Libya, 193 , - , - , 6 , - , 24 , 11 , D , D , - , 8 , 13 , - , D , - , 8 , 5 , D , - , D , 4 , - , D , 5 , 6 , - , D , 3 , - , - , - , - , 14 , - , 12 , D , - , 4 , D , D , 5 , - , - , - , - , D , 23 , - , - , 3 , - , 13 , 4 , - , 3 , D , - ,
Liechtenstein, D , - , - , D , - , - , - , - , - , - , - , - , - , - , - , - , - , - , - , - , - , - , - , - , - , - , - , - , - , - , - , - , - , - , - , - , - , - , - , - , - , - , - , - , - , - , - , - , - , - , - , - , - , - , - , - , - ,
Lithuania, 752 , D , D , 7 , - , 60 , 17 , 11 , D , D , 56 , 23 , - , D , D , 288 , 4 , - , D , D , - , D , 7 , 31 , 6 , 3 , - , D , - , - , 10 , D , 41 , 3 , 56 , 4 , - , 12 , D , D , 18 , - , 3 , 7 , - , D , 18 , - , - , 6 , - , 17 , 9 , - , 13 , D , - ,
Luxembourg, 20 , - , - , 3 , D , 5 , D , - , - , - , D , - , - , - , - , - , - , - , - , - , - , - , - , D , - , - , - , - , D , - , - , - , - , - , - , - , - , D , - , - , - , - , - , - , - , - , D , - , - , D , - , - , D , - , - , - , - ,
Macau, 109 , - , - , D , - , 55 , - , D , - , - , D , D , - , - , - , D , D , - , - , D , D , - , 4 , 3 , 5 , - , D , D , - , - , D , - , D , - , 14 , - , D , - , - , - , D , - , - , - , - , - , 5 , - , - , D , - , D , 4 , - , D , - , - ,
Macedonia, 611 , D , 9 , 5 , - , 22 , 3 , 36 , - , - , 40 , 3 , - , - , - , 73 , 26 , D , 3 , D , - , - , D , 5 , 54 , D , D , 6 , - , D , 6 , D , 130 , D , 101 , 3 , - , 27 , D , 3 , 7 , - , D , D , - , - , 18 , - , - , - , - , 4 , D , - , 12 , - , - ,
Madagascar, 65 , - , - , - , D , 6 , - , D , - , - , 5 , D , - , D , - , D , D , - , D , D , - , - , 10 , - , D , - , - , - , - , - , - , - , D , - , 10 , - , - , 4 , - , - , - , - , - , - , - , - , 7 , - , - , D , - , 8 , - , D , - , - , - ,
Malawi, 91 , - , - , - , 4 , 6 , D , D , - , D , 4 , 7 , - , D , - , 3 , 6 , - , - , 7 , D , - , 9 , D , D , - , - , 3 , - , 3 , - , D , D , - , 4 , D , - , 3 , D , D , 3 , - , - , - , - , D , 8 , - , - , - , - , 3 , D , - , - , - , - ,
Malaysia," 1,113 ", 4 , - , 22 , 5 , 252 , 12 , 7 , - , D , 51 , 39 , 3 , 7 , - , 28 , 7 , D , 6 , 3 , 7 , D , 26 , 20 , 19 , 24 , D , 11 , D , D , 8 , 3 , 30 , D , 212 , 17 , - , 10 , 15 , 19 , 17 , - , 3 , 3 , - , 16 , 119 , - , - , D , - , 30 , 33 , D , 9 , - , 2 ,
Maldives, 4 , - , - , - , - , - , - , - , - , - , D , - , - , - , - , - , - , - , - , - , - , - , - , - , - , - , - , - , - , - , - , - , - , - , - , - , - , - , - , - , - , - , - , - , - , - , D , - , - , - , - , - , - , - , - , - , - ,
Mali, 405 , D , D , 3 , D , 3 , 6 , 7 , D , 3 , - , 18 , - , - , - , 6 , 4 , 4 , - , 3 , D , - , 34 , D , 3 , D , - , - , D , - , - , - , 13 , - , 167 , 9 , - , 16 , - , D , 53 , - , D , 3 , - , D , 19 , - , - , - , D , 3 , 7 , - , 5 , - , - ,
Malta, 50 , - , - , D , - , 6 , D , - , - , - , 7 , - , - , - , - , - , D , - , - , - , - , - , - , - , 8 , 3 , - , - , - , - , - , - , - , - , 11 , - , - , - , - , - , D , - , - , D , - , - , 4 , - , - , - , - , 3 , D , - , D , - , - ,
Marshall Islands, 22 , - , - , - , - , D , D , - , - , - , D , D , - , D , - , D , - , - , D , - , - , - , - , - , - , - , - , D , - , - , - , - , - , - , - , - , - , - , 3 , D , - , - , - , D , - , - , - , D , - , - , - , - , 3 , - , - , - , 2 ,
Mauritania, 355 , D , - , D , - , 6 , 14 , - , - , D , - , 10 , - , - , - , 12 , 6 , D , - , 20 , 12 , - , 8 , - , 4 , D , - , 7 , D , - , 3 , - , 3 , - , 103 , 5 , 7 , 80 , - , D , 9 , - , - , - , - , 22 , D , - , - , - , D , 7 , 5 , - , - , - , - ,
Mauritius, 60 , - , - , - , D , 11 , D , - , - , D , D , 4 , - , - , - , D , D , - , - , - , - , - , 4 , D , - , D , - , - , - , - , - , - , 4 , - , 9 , D , - , D , D , - , D , - , - , D , - , - , 3 , D , - , D , - , 4 , - , - , - , - , - ,
Mexico," 105,958 ", 316 , 49 ," 5,912 ", 453 ," 43,503 "," 2,296 ", 247 , 146 , 24 ," 2,306 "," 1,925 ", - , 80 , 446 ," 4,705 ", 712 , 408 , 698 , 190 , 269 , 12 , 328 , 193 , 618 , 425 , 144 , 319 , 18 , 387 ," 1,775 ", 26 , 697 ," 1,454 "," 1,392 "," 1,212 ", 30 , 360 , 937 ," 1,364 ", 433 , 62 , 34 , 419 , 26 , 626 ," 23,603 ", 15 , - ," 1,137 ", 7 , 553 ," 1,829 ", 26 , 607 , 68 , 137 ,
"Micronesia, Federated States", 85 , - , 3 , - , - , 5 , 4 , - , - , - , D , 19 , D , 9 , D , - , - , - , D , - , - , - , D , - , - , - , - , - , - , - , - , - , - , - , D , D , - , - , 8 , - , - , - , - , 12 , - , D , 5 , D , D , - , - , D , 6 , - , - , - , 1 ,
Moldova," 1,681 ", 14 , 9 , 12 , - , 348 , 22 , 10 , - , - , 93 , 86 , - , 3 , 5 , 54 , 9 , - , D , 4 , 8 , D , 20 , 123 , 13 , 48 , D , 32 , D , 4 , 25 , D , 28 , - , 144 , 90 , D , 17 , 4 , 69 , 50 , D , - , 10 , - , 23 , 26 , - , - , 6 , 4 , 37 , 210 , - , 4 , 3 , 3 ,
Monaco, D , - , - , - , - , - , - , - , - , - , D , - , - , - , - , - , - , - , - , - , - , - , - , - , - , - , - , D , - , - , - , - , - , - , - , - , - , - , - , - , - , - , - , - , - , - , D , - , - , - , - , - , - , - , - , - , - ,
Mongolia, 324 , - , 3 , 3 , D , 117 , 13 , D , - , D , 9 , D , - , D , - , 41 , 4 , D , - , - , - , - , 9 , D , - , - , - , D , - , D , 4 , - , 3 , - , 9 , 3 , - , 3 , - , - , D , - , - , 4 , - , 4 , 7 , - , - , 8 , - , 42 , 15 , - , 3 , D , 2 ,
Montenegro, 209 , - , - , - , - , 8 , - , D , - , - , 8 , D , - , - , - , 16 , D , - , - , - , - , - , - , - , 40 , - , D , D , - , - , - , - , 10 , D , 113 , D , - , - , - , - , D , - , - , - , - , - , D , - , - , D , - , D , - , - , D , - , - ,
Montserrat, 43 , D , - , - , - , D , - , 4 , - , - , 5 , D , - , - , - , - , - , - , - , - , - , - , D , 11 , D , - , - , - , - , - , - , - , D , - , 12 , - , - , - , - , - , - , - , D , - , - , - , - , - , D , - , - , D , - , - , - , - , - ,
Morocco," 3,805 ", 16 , 3 , 21 , 8 , 239 , 70 , 91 , 19 , 17 , 378 , 86 , - , 3 , 3 , 129 , 17 , 10 , 7 , 31 , 16 , 7 , 71 , 511 , 19 , 28 , 14 , 10 , D , - , 27 , 11 , 251 , 6 , 490 , 132 , D , 108 , 41 , 16 , 215 , 4 , 18 , 21 , D , 20 , 189 , - , - , 3 , - , 351 , 36 , D , 30 , D , 6 ,
Mozambique, 43 , D , - , - , - , 7 , - , D , - , D , 8 , D , - , D , - , D , - , - , - , - , - , - , D , - , - , D , - , - , - , - , D , - , 3 , - , 3 , - , - , D , D , - , D , - , D , - , - , - , 6 , - , - , - , - , D , - , - , - , - , - ,
Namibia, 42 , D , - , D , - , 7 , 3 , - , - , - , 6 , D , - , - , D , - , - , - , - , - , - , - , D , D , - , D , - , - , - , D , - , - , - , - , 3 , 6 , - , - , - , - , D , - , - , D , D , - , D , - , - , - , - , D , - , D , D , - , - ,
Nepal," 4,225 ", 22 , 5 , 57 , 5 , 668 , 200 , 66 , 3 , 6 , 43 , 103 , D , 11 , 8 , 100 , 20 , 37 , 25 , 49 , 23 , - , 229 , 223 , 30 , 41 , D , 41 , D , 48 , 15 , 47 , 50 , 10 , 512 , 91 , 3 , 89 , 41 , 35 , 129 , - , 6 , 64 , 5 , 10 , 555 , D , - , 38 , 12 , 336 , 67 , 7 , 27 , D , 7 ,
Netherlands, 778 , 6 , 4 , 15 , 3 , 137 , 16 , 12 , - , 5 , 85 , 18 , D , 3 , 3 , 25 , 7 , 3 , 3 , 3 , 3 , 3 , 13 , 28 , 18 , 5 , D , 6 , D , D , 7 , 6 , 28 , 6 , 50 , 12 , - , 17 , D , 15 , 30 , D , 6 , 7 , - , 4 , 82 , D , - , 7 , D , 28 , 27 , 4 , 5 , - , 2 ,
Netherlands Antilles (former), 35 , - , - , D , - , - , - , D , - , - , 10 , 3 , - , - , - , - , - , - , - , - , - , - , - , D , - , - , D , - , - , - , - , - , D , - , 7 , - , - , D , D , - , - , D , - , - , - , - , D , - , 3 , - , - , D , D , - , - , - , - ,
New Caledonia, 5 , - , - , - , - , D , - , - , - , - , D , - , - , D , - , - , - , - , - , - , - , - , - , - , - , - , - , - , - , - , - , - , - , - , - , - , - , - , - , D , - , - , - , - , - , - , - , - , - , - , - , - , - , - , - , - , - ,
New Zealand, 514 , D , D , 14 , D , 125 , 29 , 7 , - , D , 32 , 9 , D , 14 , D , 13 , 4 , - , D , 3 , D , D , 11 , 9 , 3 , 6 , D , D , - , - , 11 , - , 8 , 6 , 33 , 9 , D , 9 , D , 21 , 12 , - , D , 4 , D , 4 , 31 , - , - , 19 , - , 11 , 29 , - , 5 , - , 1 ,
Nicaragua," 3,951 ", 11 , D , 29 , 9 , 903 , 15 , 22 , 3 , 9 ," 1,822 ", 70 , - , D , - , 27 , 22 , 3 , 4 , 7 , 43 , 3 , 87 , 29 , 6 , 15 , 6 , 7 , - , 4 , 31 , 3 , 77 , 8 , 145 , 50 , D , 12 , 5 , 16 , 28 , 6 , D , 18 , 3 , 20 , 235 , - , - , 17 , - , 85 , 16 , 3 , 11 , D , - ,
Niger, 180 , D , D , D , D , D , D , - , - , D , 4 , 10 , - , D , - , 3 , 16 , - , - , D , 3 , - , 16 , 4 , 4 , - , - , - , - , D , - , - , D , - , 37 , 26 , - , 12 , D , - , 22 , - , - , - , - , - , D , - , - , - , - , D , D , - , - , - , - ,
Nigeria," 10,363 ", 46 , 9 , 88 , 26 , 747 , 75 , 87 , 54 , 73 , 256 , 819 , D , D , 5 , 515 , 159 , 11 , 24 , 23 , 45 , D ," 1,350 ", 297 , 131 , 181 , 13 , 109 , D , 11 , 41 , 8 , 518 , 14 ," 1,090 ", 230 , 9 , 178 , 101 , 39 , 237 , D , 61 , 97 , - , 113 ," 2,105 ", 4 , D , 12 , D , 188 , 67 , 6 , 60 , 4 , 17 ,
Northern Mariana Islands, D , - , - , - , - , - , - , - , - , - , - , D , - , D , - , - , - , - , - , - , - , - , - , - , - , - , - , - , - , - , - , - , - , - , - , - , - , - , - , - , - , - , - , - , - , - , - , - , - , - , - , - , - , - , - , - , - ,
Norway, 80 , - , - , D , D , 6 , D , D , - , - , 7 , 5 , - , - , D , - , - , - , - , - , D , - , D , - , 3 , D , - , D , - , D , - , - , D , - , 8 , 4 , D , - , D , D , 5 , - , - , - , - , D , 12 , - , - , D , - , D , 5 , - , - , D , - ,
Oman, 47 , - , - , D , - , 4 , 4 , - , - , - , 4 , 3 , - , - , - , D , - , D , - , - , - , - , D , D , D , D , - , - , - , - , - , - , 3 , - , 8 , - , - , - , D , - , D , - , - , - , - , - , 10 , - , - , - , - , - , D , - , - , - , - ,
Pakistan," 11,912 ", 70 , 16 , 75 , 32 ," 1,458 ", 64 , 217 , 45 , 9 , 394 , 392 , - , D , D , 785 , 76 , 27 , 46 , 46 , 74 , 5 , 531 , 252 , 242 , 46 , 5 , 94 , D , 10 , 41 , 16 , 692 , 13 ," 2,231 ", 178 , D , 150 , 55 , 23 , 312 , D , 33 , 28 , - , 84 ," 2,036 ", - , - , 70 , 4 , 723 , 120 , 10 , 62 , - , 12 ,
Palau, 44 , D , D , D , - , 6 , D , - , - , - , D , 5 , D , 4 , - , - , - , - , - , - , - , - , - , - , D , D , - , - , - , - , - , - , - , - , - , - , - , - , 4 , - , D , - , - , 3 , - , D , 6 , D , - , - , - , - , 3 , - , - , - , 1 ,
Panama," 1,412 ", 13 , 3 , 18 , 5 , 115 , 19 , 8 , 3 , 7 , 326 , 79 , - , 5 , D , 17 , 10 , D , 3 , 7 , 13 , - , 50 , 28 , 8 , 7 , 7 , 12 , - , 4 , 8 , D , 36 , 4 , 215 , 29 , - , 15 , 13 , 5 , 31 , 17 , D , 17 , D , 17 , 144 , - , - , 6 , D , 50 , 22 , D , 4 , - , 3 ,
Papua New Guinea, 21 , D , - , - , - , 5 , D , - , - , - , D , - , - , - , D , D , - , - , - , - , - , - , - , - , - , - , - , - , - , - , - , D , D , - , D , - , - , D , - , - , D , - , - , - , - , - , D , - , - , D , - , D , D , - , - , - , - ,
Paraguay, 338 , D , - , 4 , D , 20 , 4 , 10 , - , 3 , 57 , 13 , - , - , D , 6 , D , 3 , D , D , - , - , 15 , 3 , D , - , - , 5 , - , - , D , - , 36 , - , 106 , 3 , - , D , D , D , 7 , D , D , 3 , - , - , 7 , - , - , D , - , 9 , D , - , D , - , - ,
Peru," 10,701 ", 20 , 9 , 98 , 15 ," 1,568 ", 145 , 338 , 14 , 25 ," 2,484 ", 301 , D , 22 , 21 , 131 , 41 , 9 , 27 , 34 , 23 , 6 , 342 , 204 , 23 , 21 , 16 , 27 , D , 16 , 113 , 8 ," 1,407 ", 30 ," 1,021 ", 187 , D , 77 , 57 , 56 , 127 , 37 , 13 , 75 , 5 , 45 , 466 , - , - , 259 , 9 , 583 , 76 , 13 , 37 , D , 14 ,
Philippines," 40,815 ", 160 , 326 , 715 , 94 ," 17,113 ", 307 , 256 , 74 , 41 ," 1,618 ", 445 , 542 ," 1,877 ", 58 ," 1,831 ", 229 , 83 , 117 , 119 , 159 , 45 , 836 , 231 , 368 , 178 , 87 , 206 , 35 , 46 ," 1,543 ", 45 ," 1,785 ", 125 ," 2,001 ", 381 , 17 , 366 , 211 , 289 , 388 , - , 55 , 301 , 20 , 202 ," 2,209 ", 33 , 84 , 137 , 15 , 969 ," 1,093 ", 31 , 145 , 36 , 138 ,
Poland," 7,886 ", 3 , 6 , 95 , 4 , 312 , 97 , 591 , 7 , 8 , 360 , 72 , - , 26 , 3 ," 2,351 ", 31 , 6 , 12 , 12 , 9 , 7 , 67 , 228 , 162 , 17 , D , 13 , D , 4 , 49 , 9 , 970 , 3 ," 1,565 ", 46 , - , 56 , 10 , 23 , 229 , D , 23 , 31 , 5 , 26 , 124 , - , - , 17 , 3 , 69 , 52 , 5 , 52 , D , 10 ,
Portugal," 1,690 ", D , D , 4 , D , 159 , 3 , 114 , - , - , 69 , 6 , - , 3 , D , 4 , D , - , D , - , D , D , 22 , 499 , D , D , D , 3 , - , - , 3 , 13 , 409 , - , 144 , 11 , - , D , D , 5 , 28 , D , 118 , 3 , - , D , 21 , - , - , D , D , 10 , 5 , D , 3 , - , 4 ,
Qatar, 75 , D , - , D , - , 12 , D , - , D , - , - , D , - , - , - , 5 , D , D , D , - , - , - , D , D , 7 , D , - , D , - , - , - , - , 5 , - , 6 , - , - , 6 , - , - , D , - , - , - , - , - , 11 , - , - , - , - , 4 , - , - , D , - , - ,
Romania," 3,478 ", 12 , D , 140 , 11 , 490 , 52 , 60 , 10 , 10 , 316 , 229 , - , 5 , 16 , 355 , 19 , 8 , 10 , 8 , 14 , 4 , 40 , 81 , 199 , 18 , 5 , 25 , 6 , 3 , 56 , 17 , 100 , 8 , 297 , 59 , - , 98 , 15 , 68 , 94 , - , D , 25 , D , 28 , 194 , D , - , 10 , D , 87 , 146 , - , 16 , D , 5 ,
Russia," 6,552 ", 29 , 33 , 53 , 7 ," 1,166 ", 170 , 72 , 18 , 13 , 520 , 151 , D , 22 , 25 , 220 , 39 , 12 , 22 , 26 , 22 , 27 , 173 , 337 , 68 , 75 , 9 , 37 , 8 , 15 , 68 , 18 , 296 , 16 ," 1,074 ", 95 , 5 , 77 , 35 , 139 , 253 , - , 6 , 67 , 4 , 48 , 268 , D , - , 45 , 4 , 173 , 415 , 5 , 55 , 4 , 8 ,
Rwanda, 300 , D , - , 20 , - , 10 , 8 , 4 , - , D , 4 , 8 , - , - , 4 , 9 , 7 , 10 , - , 3 , - , 5 , 7 , 10 , 17 , 5 , - , 10 , - , 4 , D , 4 , 5 , D , 18 , 7 , 3 , 22 , D , 3 , 9 , - , D , 3 , - , 14 , 34 , - , - , 7 , 3 , 7 , 5 , D , D , - , - ,
Saint Kitts-Nevis, 360 , - , - , - , - , 5 , D , 7 , 3 , - , 63 , 11 , - , - , - , D , 3 , - , - , - , D , - , 8 , 5 , - , D , - , - , - , - , D , - , 12 , - , 94 , 4 , - , - , D , - , 9 , 11 , D , 5 , - , - , 10 , D , 85 , D , - , 6 , 4 , - , D , - , 1 ,
Saint Lucia, 775 , D , - , 5 , D , 16 , - , 45 , 4 , - , 107 , 27 , - , D , - , 8 , - , D , D , - , 3 , D , 19 , 17 , D , - , - , D , - , - , D , - , 22 , D , 336 , 7 , - , D , D , D , 11 , D , 5 , 7 , - , 3 , 50 , - , 49 , - , - , 5 , 3 , D , - , D , 1 ,
Saint Vincent and the Grenadines, 467 , D , - , 3 , D , 10 , D , 5 , D , D , 35 , 9 , - , D , - , 3 , - , - , - , - , D , - , 11 , 16 , D , - , D , - , - , - , - , - , 16 , - , 285 , 5 , - , D , - , - , 20 , - , D , 4 , D , D , 14 , - , 5 , D , - , 8 , D , - , - , - , 1 ,
Samoa, 213 , - , 13 , D , - , 63 , D , - , - , - , 4 , D , - , 26 , D , D , - , - , - , D , - , - , D , - , D , - , - , 3 , - , - , 10 , - , - , D , - , - , - , - , D , 5 , - , D , - , D , - , D , D , - , - , 43 , - , D , 23 , - , D , - , 2 ,
San Marino, D , - , - , - , - , - , - , - , - , - , - , - , - , - , - , - , - , - , - , - , - , - , - , - , D , - , - , - , - , - , - , - , - , - , - , - , - , D , - , - , - , - , - , - , - , - , - , - , - , - , - , - , - , - , - , - , - ,
Sao Tome and Principe, D , - , - , - , - , D , - , - , - , - , - , - , - , - , - , - , - , - , - , - , - , - , - , D , - , - , - , - , - , - , - , - , - , - , - , - , - , - , - , - , - , - , - , - , - , - , - , - , - , - , - , - , - , - , - , - , - ,
Saudi Arabia, 796 , 7 , D , 7 , D , 111 , 8 , 13 , 4 , 4 , 31 , 19 , - , D , D , 43 , 8 , 5 , 13 , 5 , 8 , D , 20 , 11 , 53 , 11 , 5 , 6 , - , 4 , 6 , D , 40 , - , 72 , 17 , - , 33 , 7 , 6 , 27 , D , D , D , - , 4 , 115 , - , - , 4 , - , 40 , 9 , D , 6 , - , 2 ,
Senegal, 974 , 7 , D , 10 , D , 35 , 13 , 7 , D , 6 , 18 , 74 , - , D , D , 17 , 18 , D , 3 , 17 , 4 , 3 , 64 , 22 , 27 , 8 , 3 , 8 , - , D , 3 , D , 43 , D , 267 , 40 , D , 66 , 9 , D , 21 , D , 27 , 7 , - , 7 , 44 , - , - , - , D , 36 , 9 , D , 7 , D , 5 ,
Serbia, 522 , - , D , 13 , - , 69 , 5 , 5 , D , 3 , 45 , 6 , - , D , D , 110 , 4 , D , 6 , 3 , D , D , 8 , 11 , 13 , D , - , 7 , - , D , 18 , D , 22 , - , 59 , 12 , - , 13 , D , 4 , 10 , - , D , D , - , 4 , 22 , - , - , 4 , D , 14 , 7 , D , 7 , - , - ,
Serbia and Montenegro (former)," 1,297 ", D , 4 , 24 , 4 , 92 , 13 , 30 , 4 , 8 , 74 , 15 , - , 4 , - , 124 , 15 , 9 , D , 15 , - , D , 20 , 22 , 113 , 6 , D , 18 , - , D , 19 , 15 , 78 , D , 351 , 10 , 3 , 35 , 6 , 4 , 15 , - , 3 , 5 , 3 , 10 , 44 , - , - , 7 , - , 29 , 15 , - , 23 , - , - ,
Seychelles, 7 , - , - , - , - , - , - , D , - , - , - , D , - , - , - , - , - , - , - , - , - , - , D , D , - , - , - , - , - , - , - , - , - , - , - , - , - , - , - , - , - , - , - , - , - , - , D , - , - , - , - , - , - , - , - , - , - ,
Sierra Leone," 1,692 ", 7 , 3 , 17 , D , 76 , 9 , 6 , 11 , 8 , 20 , 77 , - , D , - , 30 , 9 , 8 , 3 , 5 , D , - , 361 , 52 , 16 , 18 , 3 , 8 , - , - , 4 , 3 , 90 , D , 236 , 37 , D , 78 , D , 5 , 159 , - , 7 , 8 , - , 6 , 76 , - , - , 5 , - , 197 , 18 , D , 3 , - , 4 ,
Singapore, 285 , - , D , 5 , D , 71 , 7 , D , - , - , 8 , 9 , - , 4 , D , 10 , D , - , - , D , - , - , 3 , 8 , 4 , 4 , - , - , - , - , 7 , D , 7 , - , 21 , 9 , - , 4 , 7 , 3 , 8 , - , - , D , - , D , 40 , - , - , 3 , - , 9 , 15 , - , 4 , - , 3 ,
Sint Maarten, 17 , - , - , - , - , - , - , - , - , - , 7 , - , - , - , - , D , - , - , - , - , - , - , D , D , - , - , - , - , - , - , - , - , - , - , D , D , - , - , - , - , - , D , D , - , - , - , - , - , D , - , - , - , - , - , - , - , - ,
Slovakia, 443 , D , - , 7 , D , 42 , 9 , 12 , D , D , 57 , 13 , - , 6 , - , 43 , D , 4 , D , D , - , D , 9 , 6 , D , D , - , - , - , - , D , - , 72 , D , 60 , 9 , - , 6 , - , 3 , 20 , D , - , D , - , 4 , 17 , D , - , D , D , 12 , 7 , - , D , - , - ,
Slovenia, 61 , - , - , D , - , 11 , 3 , - , - , D , 8 , D , - , D , D , 4 , - , - , - , - , - , - , D , D , - , D , - , D , - , - , D , - , - , - , 9 , D , - , D , - , D , D , - , D , D , - , D , D , - , D , - , - , - , D , - , D , - , - ,
Somalia," 3,691 ", 3 , 8 , 113 , - , 95 , 131 , 11 , D , D , 5 , 90 , - , D , 13 , 58 , 13 , 68 , 60 , 56 , D , 149 , 7 , 94 , 30 ," 1,021 ", D , 106 , - , 137 , 13 , 9 , D , D , 114 , 16 , 62 , 411 , 4 , 89 , 44 , - , - , - , 14 , 72 , 111 , - , - , 63 , 58 , 65 , 215 , - , 49 , - , 6 ,
South Africa," 2,538 ", 17 , 3 , 61 , D , 397 , 68 , 36 , 11 , 9 , 267 , 181 , - , 10 , 9 , 66 , 21 , 6 , 24 , 16 , 8 , 10 , 59 , 80 , 30 , 24 , 8 , 12 , 3 , 10 , 31 , 3 , 50 , 5 , 130 , 125 , 5 , 45 , 18 , 34 , 71 , - , D , 53 , D , 39 , 251 , - , - , 27 , D , 82 , 72 , 7 , 30 , D , 6 ,
South Sudan, 131 , - , D , 4 , - , 3 , 3 , - , - , - , D , 4 , - , - , - , D , - , 19 , D , 5 , - , 5 , D , 7 , 3 , 3 , - , 7 , - , 24 , D , - , - , - , 5 , - , - , - , 3 , - , 6 , - , - , D , D , 5 , 8 , - , - , D , D , 3 , D , - , - , - , - ,
Soviet Union (former)," 2,372 ", 9 , 10 , 18 , 3 , 408 , 54 , 35 , 10 , 6 , 182 , 40 , D , 3 , 9 , 104 , 12 , 14 , 13 , 7 , 4 , D , 61 , 132 , 37 , 30 , - , 18 , D , 4 , 23 , 39 , 119 , 3 , 414 , 29 , - , 42 , D , 43 , 67 , D , D , 19 , D , 18 , 106 , - , D , 17 , 5 , 59 , 106 , 3 , 18 , D , 4 ,
Spain," 1,414 ", 8 , - , 19 , D , 232 , 26 , 13 , D , 12 , 285 , 26 , - , 4 , D , 39 , 6 , 5 , 6 , 6 , 8 , 3 , 33 , 49 , 12 , 5 , - , 7 , - , D , 12 , 7 , 101 , 4 , 163 , 19 , D , 15 , D , 13 , 27 , 33 , 6 , 14 , D , 5 , 88 , D , - , 9 , - , 39 , 26 , - , 12 , D , 5 ,
Sri Lanka," 1,246 ", 5 , D , 8 , D , 336 , 6 , 7 , D , 3 , 30 , 22 , D , D , 3 , 52 , 8 , - , 9 , 8 , 6 , - , 83 , 33 , 15 , 11 , 3 , 5 , - , 4 , 18 , 4 , 88 , D , 212 , 15 , - , 22 , 8 , 14 , 27 , - , D , 9 , - , 4 , 86 , - , - , 5 , D , 31 , 23 , D , 10 , - , 2 ,
Sudan," 1,740 ", 12 , 7 , 71 , - , 106 , 68 , 24 , D , 5 , 43 , 48 , - , - , 4 , 58 , 22 , 88 , 9 , 18 , 5 , 18 , 63 , 45 , 31 , 57 , D , 27 , D , 85 , 4 , 9 , 29 , - , 117 , 77 , 17 , 36 , 8 , 3 , 70 , - , D , 8 , 20 , 43 , 132 , - , - , 25 , 3 , 163 , 46 , - , 8 , - , 3 ,
Suriname, 183 , - , - , D , - , 4 , - , D , - , D , 50 , 3 , - , - , - , D , - , - , - , - , - , - , 7 , 3 , D , D , - , - , - , - , D , - , 14 , - , 69 , D , - , D , D , D , 7 , - , - , - , - , - , 7 , - , - , - , - , 3 , - , - , - , - , 2 ,
Swaziland, 12 , D , - , - , - , - , - , - , - , D , D , D , - , - , - , - , - , - , - , - , - , - , D , D , - , - , - , - , - , - , - , - , - , - , D , - , - , - , D , - , - , - , - , - , - , - , - , - , - , - , - , D , - , - , - , - , - ,
Sweden, 885 , 5 , D , 14 , - , 222 , 31 , 27 , D , 6 , 74 , 22 , - , 9 , D , 12 , 6 , D , D , 3 , 3 , 5 , 22 , 19 , 21 , 16 , - , 6 , D , - , 9 , 3 , 27 , D , 91 , 26 , - , 12 , 4 , 16 , 17 , - , 7 , 9 , - , 6 , 51 , - , - , 11 , D , 22 , 32 , - , 5 , - , 1 ,
Switzerland, 411 , D , D , 10 , - , 92 , 11 , 4 , 3 , D , 33 , 7 , - , 4 , D , 8 , 9 , - , D , D , D , D , 9 , 12 , 3 , D , - , D , - , D , 9 , D , 17 , D , 50 , 12 , - , 6 , D , 7 , 18 , - , D , D , - , 8 , 23 , - , D , 5 , D , 9 , 10 , - , D , D , - ,
Syria," 2,004 ", 4 , - , 32 , 4 , 546 , 12 , 20 , 3 , 5 , 109 , 18 , - , - , - , 176 , 19 , D , 6 , 11 , 6 , - , 20 , 63 , 117 , 11 , D , 14 , - , 4 , 13 , D , 136 , D , 167 , 28 , D , 71 , 11 , 13 , 139 , - , 8 , 11 , - , 13 , 106 , - , - , 8 , 3 , 42 , 15 , 8 , 5 , - , - ,
Taiwan," 4,420 ", 11 , - , 50 , 7 ," 2,077 ", 40 , 30 , 5 , 8 , 72 , 85 , 10 , 32 , D , 99 , 22 , 10 , 17 , 16 , 10 , 5 , 94 , 111 , 52 , 16 , 4 , 24 , D , 3 , 45 , 5 , 148 , 5 , 406 , 45 , - , 46 , 17 , 43 , 54 , - , 8 , 13 , - , 10 , 388 , - , - , 27 , 4 , 65 , 159 , 4 , 12 , - , 3 ,
Tajikistan, 156 , - , - , D , D , 17 , 16 , D , D , - , 7 , 5 , - , - , - , 7 , - , - , - , - , - , - , 5 , D , D , D , - , 3 , - , 4 , D , - , 4 , - , 45 , 3 , - , D , - , 4 , 4 , - , - , D , - , - , 3 , - , - , - , - , 6 , 8 , - , 3 , - , - ,
Tanzania, 553 , 8 , - , 5 , D , 46 , D , D , D , 3 , 23 , 37 , - , D , 4 , 24 , 6 , 11 , 12 , D , D , - , 48 , 32 , 6 , 7 , D , 9 , - , 3 , 4 , D , 21 , 3 , 45 , 9 , - , 22 , D , 4 , 6 , - , 3 , 7 , 3 , 11 , 64 , - , - , 4 , - , 24 , 15 , - , 3 , - , 4 ,
Thailand," 5,213 ", 42 , 31 , 88 , 26 ," 1,389 ", 91 , 60 , 9 , 8 , 267 , 140 , 14 , 53 , 20 , 117 , 48 , 36 , 44 , 23 , 29 , 16 , 89 , 160 , 46 , 279 , 10 , 47 , 3 , 49 , 123 , 22 , 67 , 15 , 260 , 121 , 3 , 65 , 54 , 75 , 83 , - , 15 , 25 , 9 , 44 , 322 , D , D , 60 , 4 , 169 , 189 , 10 , 224 , 3 , 14 ,
Togo," 1,171 ", 19 , 3 , 25 , D , 20 , 17 , 18 , 3 , 16 , 13 , 68 , D , D , - , 114 , 6 , 21 , 8 , 8 , D , - , 169 , 9 , 3 , 51 , - , 12 , - , 58 , 5 , - , 30 , D , 185 , 55 , 3 , 27 , 9 , - , 37 , - , D , 18 , - , 4 , 48 , D , - , 4 , 5 , 54 , 6 , - , 7 , - , 3 ,
Tonga, 352 , - , 8 , 8 , D , 157 , D , - , D , - , D , - , - , 62 , 7 , - , - , - , - , - , D , - , - , - , - , - , - , - , - , D , 9 , - , - , - , - , D , - , D , D , 4 , D , - , - , - , - , - , 20 , - , - , 57 , - , D , 6 , - , - , D , 1 ,
Trinidad and Tobago," 4,869 ", 11 , - , 21 , 7 , 88 , 11 , 68 , 18 , 11 , 792 , 189 , - , D , - , 49 , 11 , D , 5 , 10 , 20 , 4 , 233 , 115 , 17 , 9 , 3 , 4 , D , D , 6 , 6 , 311 , 4 ," 2,211 ", 65 , D , 25 , 8 , D , 146 , D , 16 , 29 , D , 25 , 178 , 5 , 15 , D , 5 , 81 , 10 , D , 6 , - , 6 ,
Tunisia, 314 , D , - , 4 , D , 53 , 3 , D , 3 , 3 , 42 , 8 , D , - , - , 10 , 4 , D , 3 , - , D , - , 15 , 6 , 9 , 5 , - , D , - , D , D , - , 10 , - , 27 , 8 , - , 5 , D , D , 21 , - , D , D , - , 6 , 22 , D , - , - , - , 21 , 5 , - , 4 , - , - ,
Turkey," 3,150 ", 13 , 4 , 39 , 5 , 472 , 23 , 62 , 22 , 15 , 235 , 77 , - , 3 , 3 , 111 , 10 , 9 , 13 , 4 , 16 , 3 , 77 , 96 , 36 , 19 , D , 16 , D , 11 , 19 , 10 , 438 , 3 , 555 , 59 , D , 68 , 19 , 19 , 102 , D , 9 , 17 , - , 30 , 196 , D , D , 11 , D , 116 , 48 , 5 , 15 , - , 7 ,
Turkmenistan, 153 , - , D , D , - , 17 , D , 3 , D , - , 7 , 4 , - , D , - , 9 , - , - , - , - , - , - , 3 , 7 , D , - , - , 4 , - , - , D , - , D , D , 49 , - , - , D , - , 3 , 3 , - , - , - , - , D , 8 , - , - , 6 , - , D , 9 , - , 7 , - , - ,
Turks and Caicos Islands, 33 , - , - , D , - , - , - , - , - , - , 22 , D , - , - , - , - , - , - , - , - , - , - , D , D , - , - , - , - , - , - , - , - , - , - , 4 , - , - , D , - , - , - , - , - , D , - , - , - , - , - , - , - , - , - , - , - , - , - ,
Tuvalu, D , - , - , - , - , - , - , - , - , - , - , - , - , D , - , - , - , - , - , - , - , - , - , - , - , - , - , - , - , - , - , - , - , - , - , - , - , - , - , - , - , - , - , - , - , - , - , - , - , - , - , - , - , - , - , - , - ,
Uganda, 817 , 6 , - , 8 , D , 125 , 18 , 12 , 3 , 4 , 20 , 26 , - , 3 , D , 40 , 9 , D , 4 , D , D , D , 67 , 192 , 17 , 16 , D , 5 , - , D , 7 , D , 19 , D , 23 , 7 , - , 17 , 9 , D , 15 , - , D , 9 , - , D , 67 , - , - , 3 , D , 17 , 16 , D , 8 , D , 1 ,
Ukraine," 8,926 ", 34 , 34 , 41 , 6 ," 1,534 ", 149 , 123 , 12 , 6 , 410 , 182 , D , 13 , 49 , 599 , 55 , 14 , 19 , 43 , 14 , 5 , 71 , 256 , 206 , 89 , 5 , 107 , 10 , 25 , 33 , 17 , 337 , 9 ," 1,353 ", 171 , 7 , 246 , 18 , 421 , 485 , 3 , 11 , 141 , 27 , 79 , 165 , - , D , 32 , D , 133 ," 1,041 ", 6 , 63 , D , 11 ,
United Arab Emirates, 443 , D , D , 8 , - , 66 , D , 5 , - , D , 27 , 19 , - , D , - , 24 , 6 , D , 4 , D , D , D , 6 , 12 , 19 , 10 , - , 6 , - , - , D , D , 16 , D , 53 , 11 , D , 14 , 6 , D , 9 , - , D , D , - , 5 , 67 , - , - , D , - , 25 , D , - , 3 , - , 1 ,
United Kingdom," 10,095 ", 71 , 11 , 220 , 30 ," 1,697 ", 275 , 228 , 23 , 45 ," 1,185 ", 383 , 3 , 49 , 27 , 288 , 93 , 29 , 40 , 33 , 49 , 51 , 211 , 416 , 228 , 72 , 12 , 47 , 18 , 17 , 83 , 53 , 381 , 26 , 875 , 317 , 6 , 145 , 61 , 142 , 296 , 5 , 39 , 111 , 8 , 103 , 807 , D , D , 59 , 36 , 271 , 271 , 18 , 88 , 14 , 26 ,
United States, 75 , - , - , D , - , 9 , 3 , - , - , - , 6 , 4 , - , D , - , D , D , D , - , - , D , - , 4 , 3 , - , - , - , - , - , - , - , - , 4 , - , 15 , - , - , - , - , - , D , - , - , D , - , - , 5 , - , - , D , D , 5 , 3 , - , - , - , - ,
Uruguay, 902 , - , - , 5 , - , 60 , 3 , 17 , D , 4 , 313 , 54 , - , D , D , 14 , D , D , D , - , 7 , - , 12 , 34 , 3 , - , 3 , 4 , D , - , 7 , 7 , 116 , - , 85 , 13 , - , 10 , D , D , 9 , 8 , - , 12 , D , 6 , 31 , - , - , 22 , - , 22 , 4 , - , D , - , - ,
Uzbekistan," 1,660 ", 5 , D , 17 , D , 202 , 40 , 11 , - , 3 , 86 , 52 , - , D , 19 , 50 , 5 , D , 3 , 34 , - , - , 25 , 33 , 10 , 9 , D , 24 , D , 4 , 6 , 8 , 50 , D , 518 , 35 , - , 70 , 5 , 36 , 96 , - , - , 10 , - , 13 , 51 , - , - , 10 , D , 47 , 52 , D , 8 , D , 1 ,
Vanuatu, D , - , - , D , - , D , - , - , - , - , - , - , - , - , - , - , - , - , - , - , - , - , - , - , - , - , - , - , - , - , - , - , - , - , - , - , - , - , - , D , - , - , - , - , - , - , - , - , - , - , - , - , - , - , - , - , - ,
Venezuela," 8,192 ", 23 , 7 , 50 , 7 , 364 , 62 , 72 , 13 , 12 ," 4,198 ", 251 , - , 9 , 3 , 91 , 50 , 7 , 14 , 24 , 53 , D , 89 , 142 , 45 , 22 , D , 23 , D , 7 , 19 , 4 , 211 , 10 , 443 , 134 , - , 55 , 49 , 17 , 81 , 122 , 22 , 47 , - , 63 , 973 , D , D , 99 , D , 111 , 50 , 3 , 24 , D , 7 ,
Vietnam," 21,976 ", 152 , 11 , 370 , 111 ," 7,490 ", 356 , 129 , 31 , 7 , 855 , 913 , 5 , 149 , 27 , 320 , 95 , 112 , 211 , 72 , 328 , 31 , 337 , 674 , 217 , 295 , 82 , 220 , 8 , 148 , 116 , 31 , 274 , 88 , 380 , 603 , 15 , 188 , 267 , 419 , 548 , 4 , 15 , 108 , 12 , 174 ," 3,179 ", D , D , 152 , 9 , 649 , 846 , 22 , 87 , 6 , 24 ,
Yemen," 1,284 ", 17 , - , D , 5 , 187 , D , 11 , 7 , D , 7 , 5 , - , - , - , 47 , 9 , - , 3 , - , 13 , - , 6 , D , 341 , 8 , 17 , 6 , - , D , - , - , 8 , D , 449 , 61 , - , 5 , - , - , 3 , - , - , D , - , 23 , 12 , - , - , - , - , 16 , D , D , D , D , 3 ,
Zambia, 370 , 4 , - , 10 , 3 , 37 , 4 , 9 , D , D , 22 , 31 , - , D , - , 23 , 10 , D , D , 3 , D , - , 20 , 7 , 5 , 3 , D , 5 , - , 3 , D , - , 7 , - , 23 , 9 , - , 7 , 4 , 3 , 12 , - , - , 3 , - , 5 , 54 , - , - , D , D , 17 , 9 , - , D , - , - ,
Zimbabwe, 852 , 10 , D , 9 , - , 68 , 15 , 15 , 3 , D , 44 , 48 , - , - , D , 12 , 50 , 3 , 3 , 19 , D , 4 , 37 , 34 , 22 , 10 , D , 9 , D , 7 , 4 , 5 , 17 , 3 , 35 , 42 , D , 35 , 14 , 9 , 30 , - , - , 7 , D , 10 , 154 , - , - , D , D , 29 , 14 , D , 6 , - , - ,
Unknown, 89 , D , - , 3 , - , 5 , - , D , - , D , D , 6 , - , - , - , 5 , D , - , - , - , 4 , - , D , 3 , 9 , D , D , D , - , - , - , - , D , - , 7 , - , - , 14 , - , D , D , D , - , - , - , - , 4 , - , - , - , - , 3 , D , - , - , - , 7 ,
D Data withheld to limit disclosure.,,,,,,,,,,,,,,,,,,,,,,,,,,,,,,,,,,,,,,,,,,,,,,,,,,,,,,,,,,
- Represents zero.,,,,,,,,,,,,,,,,,,,,,,,,,,,,,,,,,,,,,,,,,,,,,,,,,,,,,,,,,,
"1 Includes American Samoa, Northern Mariana Islands, and U.S. Virgin Islands.",,,,,,,,,,,,,,,,,,,,,,,,,,,,,,,,,,,,,,,,,,,,,,,,,,,,,,,,,,
Note: Based on N-400 data for persons aged 18 and over.,,,,,,,,,,,,,,,,,,,,,,,,,,,,,,,,,,,,,,,,,,,,,,,,,,,,,,,,,,
Source: U.S. Department of Homeland Security.,,,,,,,,,,,,,,,,,,,,,,,,,,,,,,,,,,,,,,,,,,,,,,,,,,,,,,,,,,
,,,,,,,,,,,,,,,,,,,,,,,,,,,,,,,,,,,,,,,,,,,,,,,,,,,,,,,,,,
